Entity,Code,Year,exported_deforestation
Afghanistan,AFG,2005,2.2968265966248396
Afghanistan,AFG,2006,1.8198999154669764
Afghanistan,AFG,2007,0.9642861323948182
Afghanistan,AFG,2008,0
Afghanistan,AFG,2009,0
Afghanistan,AFG,2010,0
Afghanistan,AFG,2011,0
Afghanistan,AFG,2012,0
Afghanistan,AFG,2013,0.002361220024482691
Albania,ALB,2005,38.67139802514612
Albania,ALB,2006,29.548142342240908
Albania,ALB,2007,24.957672519946982
Albania,ALB,2008,21.712701755743183
Albania,ALB,2009,4.555236287101707
Albania,ALB,2010,7.1150034140173375
Albania,ALB,2011,6.380156373081718
Albania,ALB,2012,7.200615184272465
Albania,ALB,2013,7.4642697329811085
Algeria,DZA,2005,4.631747573942448
Algeria,DZA,2006,10.22509823123437
Algeria,DZA,2007,10.606376392910533
Algeria,DZA,2008,13.952674136895439
Algeria,DZA,2009,27.47551436343656
Algeria,DZA,2010,46.64418309067514
Algeria,DZA,2011,13.41564261833355
Algeria,DZA,2012,16.92532356337415
Algeria,DZA,2013,2.5912378173970865
Angola,AGO,2005,4.600366774393478
Angola,AGO,2006,4.669240205636015
Angola,AGO,2007,62.334209964144975
Angola,AGO,2008,41.8758530128398
Angola,AGO,2009,30.205080264102435
Angola,AGO,2010,24.591860230459133
Angola,AGO,2011,38.99830535630463
Angola,AGO,2012,57.797838149999734
Angola,AGO,2013,32.419815690780524
Argentina,ARG,2005,134980.06752978623
Argentina,ARG,2006,141908.42373048107
Argentina,ARG,2007,136811.88073921582
Argentina,ARG,2008,148212.7845123682
Argentina,ARG,2009,178389.0509864118
Argentina,ARG,2010,155636.71004687934
Argentina,ARG,2011,200074.26656908324
Argentina,ARG,2012,250033.94613331708
Argentina,ARG,2013,166121.86608495872
Armenia,ARM,2005,2.718449907014758
Armenia,ARM,2006,3.880054130897463
Armenia,ARM,2007,3.901232378824858
Armenia,ARM,2008,1.40762476895803
Armenia,ARM,2009,1.485804806314789
Armenia,ARM,2010,2.3350922095009707
Armenia,ARM,2011,1.068930157334961
Armenia,ARM,2012,0.7088487521660625
Armenia,ARM,2013,0.6052859081418944
Aruba,ABW,2005,0
Aruba,ABW,2006,0
Aruba,ABW,2007,0
Aruba,ABW,2008,0
Aruba,ABW,2009,0
Aruba,ABW,2010,0
Aruba,ABW,2011,0
Aruba,ABW,2012,0
Aruba,ABW,2013,0
Australia,AUS,2005,35067.82241191054
Australia,AUS,2006,32969.449339894345
Australia,AUS,2007,26702.751849229928
Australia,AUS,2008,16106.68287424578
Australia,AUS,2009,18281.776378550087
Australia,AUS,2010,20532.10167197668
Australia,AUS,2011,17424.167506016493
Australia,AUS,2012,15317.464821907124
Australia,AUS,2013,37619.5402700942
Austria,AUT,2005,0
Austria,AUT,2006,0
Austria,AUT,2007,0
Austria,AUT,2008,0
Austria,AUT,2009,0
Austria,AUT,2010,0
Austria,AUT,2011,0
Austria,AUT,2012,0
Austria,AUT,2013,0
Azerbaijan,AZE,2005,0
Azerbaijan,AZE,2006,0
Azerbaijan,AZE,2007,0
Azerbaijan,AZE,2008,0
Azerbaijan,AZE,2009,0
Azerbaijan,AZE,2010,0
Azerbaijan,AZE,2011,0
Azerbaijan,AZE,2012,0
Azerbaijan,AZE,2013,0
Bahamas,BHS,2005,0
Bahamas,BHS,2006,0
Bahamas,BHS,2007,0
Bahamas,BHS,2008,4.2184633868818935
Bahamas,BHS,2009,5.949136043936278
Bahamas,BHS,2010,2.8028719891854905
Bahamas,BHS,2011,1.2988155778836585
Bahamas,BHS,2012,0.2467245286922548
Bahamas,BHS,2013,0.11020091892206096
Bahrain,BHR,2005,0
Bahrain,BHR,2006,0
Bahrain,BHR,2007,0
Bahrain,BHR,2008,0
Bahrain,BHR,2009,0
Bahrain,BHR,2010,0
Bahrain,BHR,2011,0
Bahrain,BHR,2012,0
Bahrain,BHR,2013,0
Bangladesh,BGD,2005,3.4775949447980565
Bangladesh,BGD,2006,2.944968750876342
Bangladesh,BGD,2007,1.0573084629259029
Bangladesh,BGD,2008,0.9463567096649967
Bangladesh,BGD,2009,3.6855511373851186
Bangladesh,BGD,2010,5.9735959993704455
Bangladesh,BGD,2011,5.685423761673974
Bangladesh,BGD,2012,6.307400742166465
Bangladesh,BGD,2013,14.873517720215204
Barbados,BRB,2005,0.006729281399380227
Barbados,BRB,2006,0.013770575209819835
Barbados,BRB,2007,0.03198087880187028
Barbados,BRB,2008,0.11126172693580916
Barbados,BRB,2009,0.892028936526351
Barbados,BRB,2010,0.8220670400246795
Barbados,BRB,2011,0.15621213512190057
Barbados,BRB,2012,0.015167920714781902
Barbados,BRB,2013,0.002670392749376027
Belarus,BLR,2005,0
Belarus,BLR,2006,0
Belarus,BLR,2007,0
Belarus,BLR,2008,0
Belarus,BLR,2009,0
Belarus,BLR,2010,0
Belarus,BLR,2011,0
Belarus,BLR,2012,0
Belarus,BLR,2013,0
Belgium,BEL,2005,0
Belgium,BEL,2006,0
Belgium,BEL,2007,0
Belgium,BEL,2008,0
Belgium,BEL,2009,0
Belgium,BEL,2010,0
Belgium,BEL,2011,0
Belgium,BEL,2012,0
Belgium,BEL,2013,0
Belize,BLZ,2005,168.34454712661613
Belize,BLZ,2006,62.50342830813207
Belize,BLZ,2007,32.456914286896165
Belize,BLZ,2008,135.44587363998824
Belize,BLZ,2009,121.57454465327169
Belize,BLZ,2010,288.75648191159826
Belize,BLZ,2011,403.83385356948565
Belize,BLZ,2012,466.9567553101235
Belize,BLZ,2013,389.5137342414497
Benin,BEN,2005,371.53296971784084
Benin,BEN,2006,71.56312473102207
Benin,BEN,2007,23.361549708728944
Benin,BEN,2008,35.615781976021026
Benin,BEN,2009,364.3342137878126
Benin,BEN,2010,696.4195790702342
Benin,BEN,2011,347.55383698969763
Benin,BEN,2012,781.0393305968596
Benin,BEN,2013,796.3651221248333
Bermuda,BMU,2005,0
Bermuda,BMU,2006,0
Bermuda,BMU,2007,0
Bermuda,BMU,2008,0
Bermuda,BMU,2009,0
Bermuda,BMU,2010,0
Bermuda,BMU,2011,0
Bermuda,BMU,2012,0
Bermuda,BMU,2013,0
Bhutan,BTN,2005,8.923002895415493
Bhutan,BTN,2006,0.667036662111741
Bhutan,BTN,2007,0.37550481706762184
Bhutan,BTN,2008,0.38040364566325024
Bhutan,BTN,2009,1.2552250767167834
Bhutan,BTN,2010,0.5300674083043191
Bhutan,BTN,2011,0.8814533788317931
Bhutan,BTN,2012,0.16262583657766072
Bhutan,BTN,2013,0.04151221178386777
Bosnia and Herzegovina,BIH,2005,0
Bosnia and Herzegovina,BIH,2006,0
Bosnia and Herzegovina,BIH,2007,0
Bosnia and Herzegovina,BIH,2008,0
Bosnia and Herzegovina,BIH,2009,0
Bosnia and Herzegovina,BIH,2010,0
Bosnia and Herzegovina,BIH,2011,0
Bosnia and Herzegovina,BIH,2012,0
Bosnia and Herzegovina,BIH,2013,0
Botswana,BWA,2005,29.453414526276617
Botswana,BWA,2006,15.472863915025997
Botswana,BWA,2007,61.50014450563562
Botswana,BWA,2008,39.82167883439258
Botswana,BWA,2009,42.24231875254107
Botswana,BWA,2010,46.70595129841384
Botswana,BWA,2011,12.600634830235805
Botswana,BWA,2012,2.219883806056707
Botswana,BWA,2013,19.2737969496163
Brazil,BRA,2005,505810.0166190646
Brazil,BRA,2006,462755.7455213391
Brazil,BRA,2007,387330.45005036565
Brazil,BRA,2008,275577.0004727503
Brazil,BRA,2009,235419.5637514179
Brazil,BRA,2010,256034.24736015545
Brazil,BRA,2011,260014.63956933282
Brazil,BRA,2012,349946.8194559803
Brazil,BRA,2013,366882.9665556031
Brunei,BRN,2005,212.9520574958001
Brunei,BRN,2006,105.25369488859025
Brunei,BRN,2007,537.4838959181237
Brunei,BRN,2008,60.87335953364175
Brunei,BRN,2009,71.60181830712361
Brunei,BRN,2010,33.95740191392929
Brunei,BRN,2011,15.487235690139187
Brunei,BRN,2012,1.3794891721342992
Brunei,BRN,2013,16.846329279378892
Bulgaria,BGR,2005,0
Bulgaria,BGR,2006,0
Bulgaria,BGR,2007,0
Bulgaria,BGR,2008,0
Bulgaria,BGR,2009,0
Bulgaria,BGR,2010,0
Bulgaria,BGR,2011,0
Bulgaria,BGR,2012,0
Bulgaria,BGR,2013,0
Burkina Faso,BFA,2005,2.065124770587701
Burkina Faso,BFA,2006,0.5342174004777434
Burkina Faso,BFA,2007,0.7143849586400393
Burkina Faso,BFA,2008,0.37051342052489744
Burkina Faso,BFA,2009,0.9052692334302463
Burkina Faso,BFA,2010,1.7846702887665558
Burkina Faso,BFA,2011,6.400749021266982
Burkina Faso,BFA,2012,5.219741802393472
Burkina Faso,BFA,2013,5.2916225217625765
Burundi,BDI,2005,34.373137739326125
Burundi,BDI,2006,8.925846195375357
Burundi,BDI,2007,0.2611883583301733
Burundi,BDI,2008,21.482161274262353
Burundi,BDI,2009,123.13676980006312
Burundi,BDI,2010,44.66415073866892
Burundi,BDI,2011,49.25459355019211
Burundi,BDI,2012,66.23072120600591
Burundi,BDI,2013,13.67041462002453
Cambodia,KHM,2005,0
Cambodia,KHM,2006,0
Cambodia,KHM,2007,0
Cambodia,KHM,2008,658.389937557331
Cambodia,KHM,2009,1179.0388980425087
Cambodia,KHM,2010,1235.245866913101
Cambodia,KHM,2011,1332.3885359762426
Cambodia,KHM,2012,2627.825832107683
Cambodia,KHM,2013,1295.7519895507576
Cameroon,CMR,2005,1412.090984745304
Cameroon,CMR,2006,1977.687686098121
Cameroon,CMR,2007,2059.288726355324
Cameroon,CMR,2008,2116.246553465913
Cameroon,CMR,2009,2556.2061459052966
Cameroon,CMR,2010,2996.4645538678014
Cameroon,CMR,2011,2706.464181305244
Cameroon,CMR,2012,2177.8500191172534
Cameroon,CMR,2013,1199.5729280747364
Canada,CAN,2005,0
Canada,CAN,2006,0
Canada,CAN,2007,0
Canada,CAN,2008,0
Canada,CAN,2009,0
Canada,CAN,2010,0
Canada,CAN,2011,0
Canada,CAN,2012,0
Canada,CAN,2013,0
Cape Verde,CPV,2005,0.0149717952211601
Cape Verde,CPV,2006,0.003230900122814795
Cape Verde,CPV,2007,0.0021395707532838593
Cape Verde,CPV,2008,0.0009832375004472649
Cape Verde,CPV,2009,0.000039600776099435464
Cape Verde,CPV,2010,0.000024524149052407296
Cape Verde,CPV,2011,0.0001662748353421506
Cape Verde,CPV,2012,0.00324750031182397
Cape Verde,CPV,2013,0.011578615572899409
Cayman Islands,CYM,2005,0
Cayman Islands,CYM,2006,0
Cayman Islands,CYM,2007,0
Cayman Islands,CYM,2008,0
Cayman Islands,CYM,2009,0
Cayman Islands,CYM,2010,0
Cayman Islands,CYM,2011,0
Cayman Islands,CYM,2012,0
Cayman Islands,CYM,2013,0
Central African Republic,CAF,2005,27.641303101707308
Central African Republic,CAF,2006,11.211531812550675
Central African Republic,CAF,2007,266.0683537640998
Central African Republic,CAF,2008,250.07843492074062
Central African Republic,CAF,2009,33.2055452860659
Central African Republic,CAF,2010,64.74251158699371
Central African Republic,CAF,2011,216.4715608820602
Central African Republic,CAF,2012,154.36667176839046
Central African Republic,CAF,2013,136.24101707742784
Chad,TCD,2005,3.962870757861765
Chad,TCD,2006,4.71321091332311
Chad,TCD,2007,5.086187633442023
Chad,TCD,2008,3.7920863024328355
Chad,TCD,2009,4.809386731310042
Chad,TCD,2010,5.416111391584309
Chad,TCD,2011,24.224337332216237
Chad,TCD,2012,32.391198750663534
Chad,TCD,2013,21.746589885172398
Chile,CHL,2005,0
Chile,CHL,2006,0
Chile,CHL,2007,0
Chile,CHL,2008,0
Chile,CHL,2009,0
Chile,CHL,2010,0
Chile,CHL,2011,0
Chile,CHL,2012,0
Chile,CHL,2013,0
China,CHN,2005,0
China,CHN,2006,0
China,CHN,2007,0
China,CHN,2008,0
China,CHN,2009,0
China,CHN,2010,0
China,CHN,2011,0
China,CHN,2012,0
China,CHN,2013,0
Colombia,COL,2005,1921.5013539406064
Colombia,COL,2006,3727.5461621433496
Colombia,COL,2007,11944.259599011042
Colombia,COL,2008,20722.20447048823
Colombia,COL,2009,10616.877761676384
Colombia,COL,2010,862.2836435081699
Colombia,COL,2011,1524.5129286940937
Colombia,COL,2012,2814.5196055057168
Colombia,COL,2013,5675.251711709192
Congo,COG,2005,1265.4488273328552
Congo,COG,2006,1286.4579027888667
Congo,COG,2007,1342.8689538547842
Congo,COG,2008,717.4354860512085
Congo,COG,2009,1166.1585921285823
Congo,COG,2010,2332.3784729441795
Congo,COG,2011,2047.4940624348346
Congo,COG,2012,3126.06712513767
Congo,COG,2013,2902.820310049243
Cook Islands,COK,2005,0
Cook Islands,COK,2006,0
Cook Islands,COK,2007,0
Cook Islands,COK,2008,0
Cook Islands,COK,2009,0
Cook Islands,COK,2010,0
Cook Islands,COK,2011,0
Cook Islands,COK,2012,0
Cook Islands,COK,2013,0
Costa Rica,CRI,2005,705.2678066064484
Costa Rica,CRI,2006,949.1080126405684
Costa Rica,CRI,2007,1239.0110805688323
Costa Rica,CRI,2008,1880.1692423907734
Costa Rica,CRI,2009,2144.2814786758054
Costa Rica,CRI,2010,2636.013241446485
Costa Rica,CRI,2011,2556.9882822672935
Costa Rica,CRI,2012,2716.440823502403
Costa Rica,CRI,2013,2802.202497910448
Cote d'Ivoire,CIV,2005,36236.71993087828
Cote d'Ivoire,CIV,2006,44323.39679655845
Cote d'Ivoire,CIV,2007,40735.736933101834
Cote d'Ivoire,CIV,2008,33021.08315642584
Cote d'Ivoire,CIV,2009,29721.250779104223
Cote d'Ivoire,CIV,2010,17204.572562788402
Cote d'Ivoire,CIV,2011,8789.247670412467
Cote d'Ivoire,CIV,2012,3659.592112945322
Cote d'Ivoire,CIV,2013,4065.9301234658033
Croatia,HRV,2005,0
Croatia,HRV,2006,0
Croatia,HRV,2007,0
Croatia,HRV,2008,0
Croatia,HRV,2009,0
Croatia,HRV,2010,0
Croatia,HRV,2011,0
Croatia,HRV,2012,0
Croatia,HRV,2013,0
Cuba,CUB,2005,28.417933751585224
Cuba,CUB,2006,5.2970313464793435
Cuba,CUB,2007,3.1421234643639764
Cuba,CUB,2008,5.74926631537528
Cuba,CUB,2009,2.4026298527169274
Cuba,CUB,2010,10.29821932876439
Cuba,CUB,2011,4.575680715728595
Cuba,CUB,2012,3.0666217373418476
Cuba,CUB,2013,0.2282109273965034
Cyprus,CYP,2005,8.766681997127883
Cyprus,CYP,2006,11.765897927619292
Cyprus,CYP,2007,14.31299305500508
Cyprus,CYP,2008,28.19729651131658
Cyprus,CYP,2009,24.671686472127732
Cyprus,CYP,2010,36.99837676216137
Cyprus,CYP,2011,67.1421285102256
Cyprus,CYP,2012,31.36300867988394
Cyprus,CYP,2013,32.461108540155784
Democratic Republic of Congo,COD,2005,302.1159670674824
Democratic Republic of Congo,COD,2006,360.8120950605953
Democratic Republic of Congo,COD,2007,610.2689082106954
Democratic Republic of Congo,COD,2008,821.0553853730671
Democratic Republic of Congo,COD,2009,3127.3147043742792
Democratic Republic of Congo,COD,2010,1720.1722960434709
Democratic Republic of Congo,COD,2011,340.85092055735004
Democratic Republic of Congo,COD,2012,349.19138261799526
Democratic Republic of Congo,COD,2013,608.311132304254
Denmark,DNK,2005,0
Denmark,DNK,2006,0
Denmark,DNK,2007,0
Denmark,DNK,2008,0
Denmark,DNK,2009,0
Denmark,DNK,2010,0
Denmark,DNK,2011,0
Denmark,DNK,2012,0
Denmark,DNK,2013,0
Djibouti,DJI,2005,0
Djibouti,DJI,2006,0
Djibouti,DJI,2007,0
Djibouti,DJI,2008,0
Djibouti,DJI,2009,0
Djibouti,DJI,2010,0
Djibouti,DJI,2011,0
Djibouti,DJI,2012,0
Djibouti,DJI,2013,0
Dominica,DMA,2005,0
Dominica,DMA,2006,0
Dominica,DMA,2007,0
Dominica,DMA,2008,0
Dominica,DMA,2009,0
Dominica,DMA,2010,0
Dominica,DMA,2011,0
Dominica,DMA,2012,0
Dominica,DMA,2013,0
Dominican Republic,DOM,2005,141.0663229933507
Dominican Republic,DOM,2006,126.48746858296909
Dominican Republic,DOM,2007,131.95120400416636
Dominican Republic,DOM,2008,212.8211742710264
Dominican Republic,DOM,2009,386.56517903379245
Dominican Republic,DOM,2010,310.42155945386
Dominican Republic,DOM,2011,246.50572281092172
Dominican Republic,DOM,2012,205.99857696148865
Dominican Republic,DOM,2013,161.400804833429
Ecuador,ECU,2005,0.0597712752296502
Ecuador,ECU,2006,0
Ecuador,ECU,2007,4027.3291989826685
Ecuador,ECU,2008,7246.070453449443
Ecuador,ECU,2009,7017.7849847841935
Ecuador,ECU,2010,5399.054914017168
Ecuador,ECU,2011,7393.162973156639
Ecuador,ECU,2012,3934.9977621146554
Ecuador,ECU,2013,469.30539787382077
Egypt,EGY,2005,10.664186141316733
Egypt,EGY,2006,6.712284563259303
Egypt,EGY,2007,8.308146905871979
Egypt,EGY,2008,4.325408786745953
Egypt,EGY,2009,8.474729435045305
Egypt,EGY,2010,10.034428070833542
Egypt,EGY,2011,9.634051331175968
Egypt,EGY,2012,9.845871971249977
Egypt,EGY,2013,19.350205351399637
El Salvador,SLV,2005,128.93831850706374
El Salvador,SLV,2006,108.88655381040871
El Salvador,SLV,2007,46.2059391048283
El Salvador,SLV,2008,70.75380256750714
El Salvador,SLV,2009,67.42418316496014
El Salvador,SLV,2010,85.4006104178768
El Salvador,SLV,2011,166.25117489529202
El Salvador,SLV,2012,165.6764922199891
El Salvador,SLV,2013,682.3737455751036
Equatorial Guinea,GNQ,2005,0
Equatorial Guinea,GNQ,2006,0
Equatorial Guinea,GNQ,2007,0
Equatorial Guinea,GNQ,2008,0
Equatorial Guinea,GNQ,2009,0
Equatorial Guinea,GNQ,2010,0.24987549510001372
Equatorial Guinea,GNQ,2011,0
Equatorial Guinea,GNQ,2012,0.0519044486706548
Equatorial Guinea,GNQ,2013,0
Eritrea,ERI,2005,0.006556961749614454
Eritrea,ERI,2006,0
Eritrea,ERI,2007,0
Eritrea,ERI,2008,0
Eritrea,ERI,2009,0
Eritrea,ERI,2010,0
Eritrea,ERI,2011,0
Eritrea,ERI,2012,0
Eritrea,ERI,2013,0
Estonia,EST,2005,0
Estonia,EST,2006,0
Estonia,EST,2007,0
Estonia,EST,2008,0
Estonia,EST,2009,0
Estonia,EST,2010,0
Estonia,EST,2011,0
Estonia,EST,2012,0
Estonia,EST,2013,0
Ethiopia,ETH,2005,3608.1351811798268
Ethiopia,ETH,2006,3902.7049496347536
Ethiopia,ETH,2007,3121.2969275008545
Ethiopia,ETH,2008,3048.075826801567
Ethiopia,ETH,2009,4130.281208414508
Ethiopia,ETH,2010,2864.133677589907
Ethiopia,ETH,2011,2150.1605223948645
Ethiopia,ETH,2012,2254.2127441387274
Ethiopia,ETH,2013,1863.7232922236653
Fiji,FJI,2005,568.5963495790016
Fiji,FJI,2006,483.790643226316
Fiji,FJI,2007,348.398918960581
Fiji,FJI,2008,184.85631884786562
Fiji,FJI,2009,158.2968582772728
Fiji,FJI,2010,184.90919116556057
Fiji,FJI,2011,74.68715183523409
Fiji,FJI,2012,88.04683424883183
Fiji,FJI,2013,444.6784339906652
Finland,FIN,2005,0
Finland,FIN,2006,0
Finland,FIN,2007,0
Finland,FIN,2008,0
Finland,FIN,2009,0
Finland,FIN,2010,0
Finland,FIN,2011,0
Finland,FIN,2012,0
Finland,FIN,2013,0
France,FRA,2005,0
France,FRA,2006,0
France,FRA,2007,0
France,FRA,2008,0
France,FRA,2009,0
France,FRA,2010,0
France,FRA,2011,0
France,FRA,2012,0
France,FRA,2013,0
French Guiana,GUF,2005,0
French Guiana,GUF,2006,0
French Guiana,GUF,2007,0
French Guiana,GUF,2008,0
French Guiana,GUF,2009,0
French Guiana,GUF,2010,0
French Guiana,GUF,2011,0
French Guiana,GUF,2012,0
French Guiana,GUF,2013,0
French Polynesia,PYF,2005,0
French Polynesia,PYF,2006,0
French Polynesia,PYF,2007,0
French Polynesia,PYF,2008,0
French Polynesia,PYF,2009,0
French Polynesia,PYF,2010,0
French Polynesia,PYF,2011,0
French Polynesia,PYF,2012,0
French Polynesia,PYF,2013,0
Gabon,GAB,2005,14.673414331486583
Gabon,GAB,2006,107.01879623909372
Gabon,GAB,2007,143.51527534379375
Gabon,GAB,2008,249.6794895751309
Gabon,GAB,2009,271.85749442920314
Gabon,GAB,2010,314.65213430852964
Gabon,GAB,2011,265.5543549874428
Gabon,GAB,2012,148.4933587699411
Gabon,GAB,2013,114.76941866410516
Gambia,GMB,2005,0.0021333809128361025
Gambia,GMB,2006,0.14586172413591392
Gambia,GMB,2007,1.47750609693189
Gambia,GMB,2008,16.568461447700884
Gambia,GMB,2009,22.489684501247325
Gambia,GMB,2010,7.6302383720497176
Gambia,GMB,2011,22.87582799937971
Gambia,GMB,2012,13.229714798486526
Gambia,GMB,2013,0.37581869449977034
Georgia,GEO,2005,193.3117397822308
Georgia,GEO,2006,262.4960962686207
Georgia,GEO,2007,188.64651042356718
Georgia,GEO,2008,249.58100933974026
Georgia,GEO,2009,139.71027688236472
Georgia,GEO,2010,73.12604533822787
Georgia,GEO,2011,63.60857634440083
Georgia,GEO,2012,54.46013932853998
Georgia,GEO,2013,52.31701100048576
Germany,DEU,2005,0
Germany,DEU,2006,0
Germany,DEU,2007,0
Germany,DEU,2008,0
Germany,DEU,2009,0
Germany,DEU,2010,0
Germany,DEU,2011,0
Germany,DEU,2012,0
Germany,DEU,2013,0
Ghana,GHA,2005,13612.001077126704
Ghana,GHA,2006,17529.765349258134
Ghana,GHA,2007,9294.781989879473
Ghana,GHA,2008,8809.70822434382
Ghana,GHA,2009,6394.377717815965
Ghana,GHA,2010,3341.252839500208
Ghana,GHA,2011,7352.207764064264
Ghana,GHA,2012,6903.133826923251
Ghana,GHA,2013,9465.056454500937
Greece,GRC,2005,51.37922595992438
Greece,GRC,2006,48.05928897523154
Greece,GRC,2007,54.77769498365001
Greece,GRC,2008,55.183932628219736
Greece,GRC,2009,74.41002572167599
Greece,GRC,2010,94.62294213331404
Greece,GRC,2011,415.04419293460137
Greece,GRC,2012,656.4398818985976
Greece,GRC,2013,1214.5196913999384
Grenada,GRD,2005,0
Grenada,GRD,2006,0
Grenada,GRD,2007,17.394066619401233
Grenada,GRD,2008,17.253989927508286
Grenada,GRD,2009,17.03088943089147
Grenada,GRD,2010,26.8873075717948
Grenada,GRD,2011,27.591109268969323
Grenada,GRD,2012,35.11061668223498
Grenada,GRD,2013,12.037852945582891
Guadeloupe,GLP,2005,0
Guadeloupe,GLP,2006,0
Guadeloupe,GLP,2007,0
Guadeloupe,GLP,2008,0
Guadeloupe,GLP,2009,0
Guadeloupe,GLP,2010,0
Guadeloupe,GLP,2011,0
Guatemala,GTM,2005,9570.481955143663
Guatemala,GTM,2006,7186.628469399505
Guatemala,GTM,2007,2467.6554444549947
Guatemala,GTM,2008,515.1250116978536
Guatemala,GTM,2009,395.52060989509573
Guatemala,GTM,2010,549.7067827889377
Guatemala,GTM,2011,476.507077488056
Guatemala,GTM,2012,684.6063051621186
Guatemala,GTM,2013,817.2398553259336
Guinea,GIN,2005,829.096097652422
Guinea,GIN,2006,987.1957068019619
Guinea,GIN,2007,884.2196006465783
Guinea,GIN,2008,702.3458815766753
Guinea,GIN,2009,667.9204362352029
Guinea,GIN,2010,759.2840368542093
Guinea,GIN,2011,507.84002273673104
Guinea,GIN,2012,261.0614428050867
Guinea,GIN,2013,329.0121248876749
Guinea-Bissau,GNB,2005,253.6679954743347
Guinea-Bissau,GNB,2006,178.2353979560787
Guinea-Bissau,GNB,2007,237.78710338074393
Guinea-Bissau,GNB,2008,301.9702003073053
Guinea-Bissau,GNB,2009,766.4110674682902
Guinea-Bissau,GNB,2010,349.87747821768744
Guinea-Bissau,GNB,2011,905.884618310236
Guinea-Bissau,GNB,2012,649.2551801413883
Guinea-Bissau,GNB,2013,643.8040603240315
Guyana,GUY,2005,4.643966018370065
Guyana,GUY,2006,2.1755698639826733
Guyana,GUY,2007,16.616113354669892
Guyana,GUY,2008,2.729192608476069
Guyana,GUY,2009,2.261065251598751
Guyana,GUY,2010,2.292823083916403
Guyana,GUY,2011,51.12226210313969
Guyana,GUY,2012,79.93156795292902
Guyana,GUY,2013,120.1911864162737
Haiti,HTI,2005,5.66958937950767
Haiti,HTI,2006,7.9254512595287
Haiti,HTI,2007,7.296703279381518
Haiti,HTI,2008,11.303672082402045
Haiti,HTI,2009,11.220268173753311
Haiti,HTI,2010,5.719088347709658
Haiti,HTI,2011,4.153208375774739
Haiti,HTI,2012,4.496765590793075
Haiti,HTI,2013,3.401983297655079
Honduras,HND,2005,3301.337683066038
Honduras,HND,2006,2289.630300359873
Honduras,HND,2007,1991.059201155178
Honduras,HND,2008,2476.49663389086
Honduras,HND,2009,3103.8563670700023
Honduras,HND,2010,4669.791994894273
Honduras,HND,2011,5437.849963292114
Honduras,HND,2012,5323.642830853385
Honduras,HND,2013,4121.084424777278
Hong Kong,HKG,2005,0
Hong Kong,HKG,2006,0
Hong Kong,HKG,2007,0
Hong Kong,HKG,2008,0
Hong Kong,HKG,2009,0
Hong Kong,HKG,2010,0
Hong Kong,HKG,2011,0
Hong Kong,HKG,2012,0
Hong Kong,HKG,2013,0
Hungary,HUN,2005,0
Hungary,HUN,2006,0
Hungary,HUN,2007,0
Hungary,HUN,2008,0
Hungary,HUN,2009,0
Hungary,HUN,2010,0
Hungary,HUN,2011,0
Hungary,HUN,2012,0
Hungary,HUN,2013,0
Iceland,ISL,2005,0
Iceland,ISL,2006,0
Iceland,ISL,2007,0
Iceland,ISL,2008,0
Iceland,ISL,2009,0
Iceland,ISL,2010,0
Iceland,ISL,2011,0
Iceland,ISL,2012,0
Iceland,ISL,2013,0
India,IND,2005,900.3066533471865
India,IND,2006,1137.2140026376946
India,IND,2007,2105.0981067821194
India,IND,2008,2747.642132718727
India,IND,2009,1940.8792590134544
India,IND,2010,2406.032254385631
India,IND,2011,3930.8893361293885
India,IND,2012,3216.7907350669993
India,IND,2013,4512.9094771208765
Indonesia,IDN,2005,196664.01418679132
Indonesia,IDN,2006,271111.8712097436
Indonesia,IDN,2007,298356.1965677335
Indonesia,IDN,2008,360996.1946752011
Indonesia,IDN,2009,424528.5878330239
Indonesia,IDN,2010,373503.2887186959
Indonesia,IDN,2011,380241.57555439515
Indonesia,IDN,2012,425539.37267799414
Indonesia,IDN,2013,410700.47365824087
Iran,IRN,2005,4.770893815656166
Iran,IRN,2006,9.217510941988508
Iran,IRN,2007,0.6605128687196782
Iran,IRN,2008,0.3187202427577063
Iran,IRN,2009,0.12047780235505456
Iran,IRN,2010,0.3920113671038905
Iran,IRN,2011,0.1305935628572854
Iran,IRN,2012,0.04409487697972736
Iran,IRN,2013,0.10162898750536442
Iraq,IRQ,2005,0.096961986284402
Iraq,IRQ,2006,0.01545124557230082
Iraq,IRQ,2007,0.05197298004415174
Iraq,IRQ,2008,0.06504770099521728
Iraq,IRQ,2009,0.04787004530351524
Iraq,IRQ,2010,0.047240891874333
Iraq,IRQ,2011,0.06402463650939261
Iraq,IRQ,2012,0.09911064580202478
Iraq,IRQ,2013,0.1394396486849505
Ireland,IRL,2005,0
Ireland,IRL,2006,0
Ireland,IRL,2007,0
Ireland,IRL,2008,0
Ireland,IRL,2009,0
Ireland,IRL,2010,0
Ireland,IRL,2011,0
Ireland,IRL,2012,0
Ireland,IRL,2013,0
Israel,ISR,2005,0.6792222590278101
Israel,ISR,2006,0.8166402900776859
Israel,ISR,2007,2.9215268738598184
Israel,ISR,2008,2.9013933830207606
Israel,ISR,2009,6.287262749903206
Israel,ISR,2010,9.38593807032182
Israel,ISR,2011,49.11776618508139
Israel,ISR,2012,45.99311928630186
Israel,ISR,2013,53.16090149360522
Italy,ITA,2005,756.1099076558703
Italy,ITA,2006,728.0961491127428
Italy,ITA,2007,774.4748361662778
Italy,ITA,2008,1047.070221853195
Italy,ITA,2009,1108.1495734536893
Italy,ITA,2010,1114.5198365330962
Italy,ITA,2011,1148.1247052952913
Italy,ITA,2012,1086.621148307555
Italy,ITA,2013,913.9384213763278
Jamaica,JAM,2005,4.600439010118691
Jamaica,JAM,2006,0.39215731005197085
Jamaica,JAM,2007,2.225191173437196
Jamaica,JAM,2008,1.390970970203
Jamaica,JAM,2009,3.6083697783474804
Jamaica,JAM,2010,2.6744276195071848
Jamaica,JAM,2011,2.1593932425223983
Jamaica,JAM,2012,15.036300969284696
Jamaica,JAM,2013,16.904679750561883
Japan,JPN,2005,4.286630637691815
Japan,JPN,2006,11.797596099680959
Japan,JPN,2007,16.238593838214
Japan,JPN,2008,25.27077846868633
Japan,JPN,2009,46.04169749024186
Japan,JPN,2010,69.20472392985539
Japan,JPN,2011,78.3003003020749
Japan,JPN,2012,78.64619089996086
Japan,JPN,2013,82.23903781561785
Jordan,JOR,2005,0.06975850704606312
Jordan,JOR,2006,0.08727406527852555
Jordan,JOR,2007,0.09801197783598026
Jordan,JOR,2008,0.12691081529436254
Jordan,JOR,2009,0.0656809300973617
Jordan,JOR,2010,0.06846918410500913
Jordan,JOR,2011,0.026960403332573074
Jordan,JOR,2012,0.00547522085055531
Jordan,JOR,2013,0.004773776615683345
Kazakhstan,KAZ,2005,0
Kazakhstan,KAZ,2006,0
Kazakhstan,KAZ,2007,0
Kazakhstan,KAZ,2008,0
Kazakhstan,KAZ,2009,0
Kazakhstan,KAZ,2010,0
Kazakhstan,KAZ,2011,0
Kazakhstan,KAZ,2012,0
Kazakhstan,KAZ,2013,0
Kenya,KEN,2005,1660.8314036836255
Kenya,KEN,2006,1630.4639898104815
Kenya,KEN,2007,1163.9077715410767
Kenya,KEN,2008,1326.7030891459472
Kenya,KEN,2009,1244.8489925608665
Kenya,KEN,2010,1463.5562555786382
Kenya,KEN,2011,885.8812827066431
Kenya,KEN,2012,277.0642807659169
Kenya,KEN,2013,624.8903067925858
Kiribati,KIR,2005,0
Kiribati,KIR,2006,0
Kiribati,KIR,2007,0
Kiribati,KIR,2008,0
Kiribati,KIR,2009,0
Kiribati,KIR,2010,0
Kiribati,KIR,2011,0
Kiribati,KIR,2012,0
Kiribati,KIR,2013,0
Kuwait,KWT,2005,0
Kuwait,KWT,2006,0
Kuwait,KWT,2007,0
Kuwait,KWT,2008,0
Kuwait,KWT,2009,0
Kuwait,KWT,2010,0
Kuwait,KWT,2011,0
Kuwait,KWT,2012,0
Kuwait,KWT,2013,0
Kyrgyzstan,KGZ,2005,0
Kyrgyzstan,KGZ,2006,0
Kyrgyzstan,KGZ,2007,0
Kyrgyzstan,KGZ,2008,0
Kyrgyzstan,KGZ,2009,0
Kyrgyzstan,KGZ,2010,0
Kyrgyzstan,KGZ,2011,0
Kyrgyzstan,KGZ,2012,0
Kyrgyzstan,KGZ,2013,0
Laos,LAO,2005,4290.4960316522265
Laos,LAO,2006,6423.297847846792
Laos,LAO,2007,3142.2313685010085
Laos,LAO,2008,4736.181511604227
Laos,LAO,2009,6684.5777680814135
Laos,LAO,2010,7518.918051922643
Laos,LAO,2011,5136.57261646002
Laos,LAO,2012,3769.355676673047
Laos,LAO,2013,5165.041747321338
Latvia,LVA,2005,0
Latvia,LVA,2006,0
Latvia,LVA,2007,0
Latvia,LVA,2008,0
Latvia,LVA,2009,0
Latvia,LVA,2010,0
Latvia,LVA,2011,0
Latvia,LVA,2012,0
Latvia,LVA,2013,0
Lebanon,LBN,2005,4.46818314238601
Lebanon,LBN,2006,3.6079145450015346
Lebanon,LBN,2007,4.8582854185401345
Lebanon,LBN,2008,9.229060768777316
Lebanon,LBN,2009,9.485465709070525
Lebanon,LBN,2010,12.388322917821256
Lebanon,LBN,2011,10.220153710640602
Lebanon,LBN,2012,15.35868345859771
Lebanon,LBN,2013,18.921843880096958
Lesotho,LSO,2005,0
Lesotho,LSO,2006,0.005885441682044856
Lesotho,LSO,2007,0.013848391311708674
Lesotho,LSO,2008,0.006232393254085977
Lesotho,LSO,2009,0.006857145882894322
Lesotho,LSO,2010,0.0015387275060771977
Lesotho,LSO,2011,0
Lesotho,LSO,2012,0
Lesotho,LSO,2013,0.0001831099294999916
Liberia,LBR,2005,743.0113932882778
Liberia,LBR,2006,594.5115171194557
Liberia,LBR,2007,365.3567355510586
Liberia,LBR,2008,123.25039471220407
Liberia,LBR,2009,642.5020879737058
Liberia,LBR,2010,3966.5049979873547
Liberia,LBR,2011,6918.567603630949
Liberia,LBR,2012,5630.768456995887
Liberia,LBR,2013,4924.155365913666
Libya,LBY,2005,0.015211694429122957
Libya,LBY,2006,0.02663364322926043
Libya,LBY,2007,0.038083588928486733
Libya,LBY,2008,0.020326583243987173
Libya,LBY,2009,0.0055984193153229
Libya,LBY,2010,0.005434916478124663
Libya,LBY,2011,0.0002911058886452267
Libya,LBY,2012,0.00027381529687708905
Libya,LBY,2013,0.00027720558292188
Lithuania,LTU,2005,0
Lithuania,LTU,2006,0
Lithuania,LTU,2007,0
Lithuania,LTU,2008,0
Lithuania,LTU,2009,0
Lithuania,LTU,2010,0
Lithuania,LTU,2011,0
Lithuania,LTU,2012,0
Lithuania,LTU,2013,0
Luxembourg,LUX,2005,0
Luxembourg,LUX,2006,0
Luxembourg,LUX,2007,0
Luxembourg,LUX,2008,0
Luxembourg,LUX,2009,0
Luxembourg,LUX,2010,0
Luxembourg,LUX,2011,0
Luxembourg,LUX,2012,0
Luxembourg,LUX,2013,0
Macao,MAC,2005,0
Macao,MAC,2006,0
Macao,MAC,2007,0
Macao,MAC,2008,0
Macao,MAC,2009,0
Macao,MAC,2010,0
Macao,MAC,2011,0
Macao,MAC,2012,0
Macao,MAC,2013,0
Madagascar,MDG,2005,1342.8386719089394
Madagascar,MDG,2006,4081.2480978700114
Madagascar,MDG,2007,2772.139620266302
Madagascar,MDG,2008,2764.9178345640757
Madagascar,MDG,2009,3462.5462065847823
Madagascar,MDG,2010,5047.787970266356
Madagascar,MDG,2011,3086.3677943419752
Madagascar,MDG,2012,1948.5190570525301
Madagascar,MDG,2013,352.11768022577235
Malawi,MWI,2005,499.8327662632337
Malawi,MWI,2006,505.80169268261034
Malawi,MWI,2007,1028.9938841293306
Malawi,MWI,2008,640.0680226093809
Malawi,MWI,2009,634.8698108064418
Malawi,MWI,2010,870.031879544882
Malawi,MWI,2011,1144.4040037927598
Malawi,MWI,2012,853.4528798457886
Malawi,MWI,2013,1261.014937115323
Malaysia,MYS,2005,48045.765906280336
Malaysia,MYS,2006,48445.350878552774
Malaysia,MYS,2007,49595.2233596167
Malaysia,MYS,2008,56701.567145835215
Malaysia,MYS,2009,75505.08708312403
Malaysia,MYS,2010,93246.61963628237
Malaysia,MYS,2011,102120.1917755154
Malaysia,MYS,2012,99980.29355788337
Malaysia,MYS,2013,99978.21767463017
Maldives,MDV,2005,0.00001221764592895802
Maldives,MDV,2006,0.001149439143784181
Maldives,MDV,2007,0
Maldives,MDV,2008,0
Maldives,MDV,2009,0
Maldives,MDV,2010,0
Maldives,MDV,2011,0
Maldives,MDV,2012,0
Maldives,MDV,2013,0
Mali,MLI,2005,16.72777262051642
Mali,MLI,2006,11.835822607752277
Mali,MLI,2007,4.316655507693042
Mali,MLI,2008,2.0789600309108778
Mali,MLI,2009,2.790653385704502
Mali,MLI,2010,4.918411054042906
Mali,MLI,2011,7.415073276396129
Mali,MLI,2012,12.349083986865423
Mali,MLI,2013,8.004562688333863
Malta,MLT,2005,0.001964321615151282
Malta,MLT,2006,0
Malta,MLT,2007,0.034750693020353524
Malta,MLT,2008,0.04298923883785638
Malta,MLT,2009,0.11177019802030574
Malta,MLT,2010,0.10026737000446118
Malta,MLT,2011,0.06224170794764794
Malta,MLT,2012,0.19466075646761494
Malta,MLT,2013,0.08992847371847978
Martinique,MTQ,2005,0
Martinique,MTQ,2006,0
Martinique,MTQ,2007,0
Martinique,MTQ,2008,0
Martinique,MTQ,2009,0
Martinique,MTQ,2010,0
Martinique,MTQ,2011,0
Martinique,MTQ,2012,0
Mauritania,MRT,2005,0.001657718702418265
Mauritania,MRT,2006,0.0002032917933158518
Mauritania,MRT,2007,0.000004089112230598602
Mauritania,MRT,2008,2.429665020217686e-7
Mauritania,MRT,2009,0.0000013878101228891743
Mauritania,MRT,2010,0
Mauritania,MRT,2011,0
Mauritania,MRT,2012,0
Mauritania,MRT,2013,0
Mauritius,MUS,2005,0.06465355224834068
Mauritius,MUS,2006,0.12677961136405003
Mauritius,MUS,2007,0.1560561759718304
Mauritius,MUS,2008,0.5039209569285923
Mauritius,MUS,2009,1.3823187309345144
Mauritius,MUS,2010,2.6426367311119776
Mauritius,MUS,2011,0.583022500476595
Mauritius,MUS,2012,0.4870427663102035
Mauritius,MUS,2013,16.134994653813
Mexico,MEX,2005,5853.950519973783
Mexico,MEX,2006,5726.254788599195
Mexico,MEX,2007,6993.6339987146785
Mexico,MEX,2008,6421.210385412844
Mexico,MEX,2009,7104.81641979031
Mexico,MEX,2010,7253.1924507889635
Mexico,MEX,2011,11024.533641563292
Mexico,MEX,2012,10123.35123790233
Mexico,MEX,2013,9160.763188716926
Moldova,MDA,2005,0
Moldova,MDA,2006,0
Moldova,MDA,2007,0
Moldova,MDA,2008,0
Moldova,MDA,2009,0
Moldova,MDA,2010,0
Moldova,MDA,2011,0
Moldova,MDA,2012,0
Moldova,MDA,2013,0
Mongolia,MNG,2005,0
Mongolia,MNG,2006,0
Mongolia,MNG,2007,0
Mongolia,MNG,2008,0
Mongolia,MNG,2009,0
Mongolia,MNG,2010,0
Mongolia,MNG,2011,0
Mongolia,MNG,2012,0
Mongolia,MNG,2013,0
Montenegro,MNE,2006,0
Montenegro,MNE,2007,0
Montenegro,MNE,2008,0
Montenegro,MNE,2009,0
Montenegro,MNE,2010,0
Montenegro,MNE,2011,0
Montenegro,MNE,2012,0
Montenegro,MNE,2013,0
Morocco,MAR,2005,113.24776066347158
Morocco,MAR,2006,110.64779195950996
Morocco,MAR,2007,125.74895038049817
Morocco,MAR,2008,139.41969951418832
Morocco,MAR,2009,147.3198758639819
Morocco,MAR,2010,172.09765487779828
Morocco,MAR,2011,128.01415379429727
Morocco,MAR,2012,117.34245300089447
Morocco,MAR,2013,86.37507096446029
Mozambique,MOZ,2005,3941.821900775816
Mozambique,MOZ,2006,8844.293984111457
Mozambique,MOZ,2007,10871.46250896636
Mozambique,MOZ,2008,7538.235656290868
Mozambique,MOZ,2009,7571.969047166815
Mozambique,MOZ,2010,9322.197058632533
Mozambique,MOZ,2011,4608.044576621818
Mozambique,MOZ,2012,5687.545050719418
Mozambique,MOZ,2013,7906.756381229206
Myanmar,MMR,2005,8945.563310128797
Myanmar,MMR,2006,9285.41505456886
Myanmar,MMR,2007,10809.11723762269
Myanmar,MMR,2008,12617.197512533356
Myanmar,MMR,2009,15465.261027568646
Myanmar,MMR,2010,10344.033903227246
Myanmar,MMR,2011,9369.70295566725
Myanmar,MMR,2012,7306.7621409199855
Myanmar,MMR,2013,6806.852748791251
Namibia,NAM,2005,81.49311943165878
Namibia,NAM,2006,36.89670166013144
Namibia,NAM,2007,61.57014834120969
Namibia,NAM,2008,42.58754907322083
Namibia,NAM,2009,54.15207988066207
Namibia,NAM,2010,50.01164397533097
Namibia,NAM,2011,51.07362614587656
Namibia,NAM,2012,89.49086351351313
Namibia,NAM,2013,76.06519516155457
Nepal,NPL,2005,0.1876521632912045
Nepal,NPL,2006,0.206245781560483
Nepal,NPL,2007,0.6767131892006546
Nepal,NPL,2008,0.12352027977522084
Nepal,NPL,2009,3.366502645001674
Nepal,NPL,2010,2.4617864923452544
Nepal,NPL,2011,16.630347680495333
Nepal,NPL,2012,46.58231135524602
Nepal,NPL,2013,29.05952491231983
Netherlands,NLD,2005,0
Netherlands,NLD,2006,0
Netherlands,NLD,2007,0
Netherlands,NLD,2008,0
Netherlands,NLD,2009,0
Netherlands,NLD,2010,0
Netherlands,NLD,2011,0
Netherlands,NLD,2012,0
Netherlands,NLD,2013,0
New Caledonia,NCL,2005,2.16506593472252
New Caledonia,NCL,2006,0
New Caledonia,NCL,2007,0
New Caledonia,NCL,2008,0
New Caledonia,NCL,2009,0
New Caledonia,NCL,2010,0
New Caledonia,NCL,2011,0
New Caledonia,NCL,2012,0
New Caledonia,NCL,2013,0.05764783814376706
New Zealand,NZL,2005,0
New Zealand,NZL,2006,0
New Zealand,NZL,2007,0
New Zealand,NZL,2008,0
New Zealand,NZL,2009,0
New Zealand,NZL,2010,0
New Zealand,NZL,2011,0
New Zealand,NZL,2012,0
New Zealand,NZL,2013,0
Nicaragua,NIC,2005,12543.548186891441
Nicaragua,NIC,2006,12046.821736485035
Nicaragua,NIC,2007,14771.657500543872
Nicaragua,NIC,2008,18834.95437358569
Nicaragua,NIC,2009,24409.33074543973
Nicaragua,NIC,2010,25934.068263793364
Nicaragua,NIC,2011,31180.879525480526
Nicaragua,NIC,2012,29072.73389842381
Nicaragua,NIC,2013,13721.879813549944
Niger,NER,2005,0.0006933909026982654
Niger,NER,2006,0.0010998072256466207
Niger,NER,2007,0.0022786281402890074
Niger,NER,2008,0.0015790941405937342
Niger,NER,2009,0.00020134215562918334
Niger,NER,2010,0.0018119146681648407
Niger,NER,2011,0.004389993595272423
Niger,NER,2012,0.009845940989799518
Niger,NER,2013,0.007370176928598399
Nigeria,NGA,2005,595.4260804796286
Nigeria,NGA,2006,358.2878574495153
Nigeria,NGA,2007,302.07178622747233
Nigeria,NGA,2008,193.6211589082559
Nigeria,NGA,2009,118.69271824619136
Nigeria,NGA,2010,43.33703907130257
Nigeria,NGA,2011,78.81850510511867
Nigeria,NGA,2012,70.72492358290765
Nigeria,NGA,2013,152.45620084564143
North Korea,PRK,2005,0
North Korea,PRK,2006,0
North Korea,PRK,2007,0
North Korea,PRK,2008,0
North Korea,PRK,2009,0
North Korea,PRK,2010,0
North Korea,PRK,2011,0
North Korea,PRK,2012,0
North Korea,PRK,2013,0
Norway,NOR,2005,0
Norway,NOR,2006,0
Norway,NOR,2007,0
Norway,NOR,2008,0
Norway,NOR,2009,0
Norway,NOR,2010,0
Norway,NOR,2011,0
Norway,NOR,2012,0
Norway,NOR,2013,0
Oman,OMN,2005,0
Oman,OMN,2006,0
Oman,OMN,2007,0
Oman,OMN,2008,0.0006210035637633123
Oman,OMN,2009,0.0014300295052765612
Oman,OMN,2010,0.001310369562165568
Oman,OMN,2011,0.001510783650808251
Oman,OMN,2012,0.001186031001003592
Oman,OMN,2013,0
Pakistan,PAK,2005,4.3272493710109075
Pakistan,PAK,2006,2.4148204319153592
Pakistan,PAK,2007,5.18233235217167
Pakistan,PAK,2008,7.470154638032227
Pakistan,PAK,2009,9.133117852329178
Pakistan,PAK,2010,18.074083001826807
Pakistan,PAK,2011,57.04604410253751
Pakistan,PAK,2012,53.924178436942384
Pakistan,PAK,2013,54.357774680099
Palestine,PSE,2005,0
Palestine,PSE,2006,0
Palestine,PSE,2007,0
Palestine,PSE,2008,0
Palestine,PSE,2009,0
Palestine,PSE,2010,0
Palestine,PSE,2011,0
Palestine,PSE,2012,0
Palestine,PSE,2013,0
Panama,PAN,2005,1093.0737990202915
Panama,PAN,2006,1398.4537681991937
Panama,PAN,2007,1468.1941371220682
Panama,PAN,2008,1061.97790040973
Panama,PAN,2009,754.6852613865849
Panama,PAN,2010,950.8405005976056
Panama,PAN,2011,933.0928775040602
Panama,PAN,2012,599.2473780902428
Panama,PAN,2013,839.5427184347855
Papua New Guinea,PNG,2005,7044.078806314978
Papua New Guinea,PNG,2006,9602.579235076282
Papua New Guinea,PNG,2007,13353.812458730645
Papua New Guinea,PNG,2008,14233.640316105473
Papua New Guinea,PNG,2009,15465.171242992812
Papua New Guinea,PNG,2010,14125.533159485605
Papua New Guinea,PNG,2011,10119.858566926292
Papua New Guinea,PNG,2012,5906.512965232814
Papua New Guinea,PNG,2013,4242.690345015586
Paraguay,PRY,2005,86591.24741500936
Paraguay,PRY,2006,107303.21555352442
Paraguay,PRY,2007,139548.5554500628
Paraguay,PRY,2008,165588.230631184
Paraguay,PRY,2009,172787.31127853025
Paraguay,PRY,2010,120060.69406702102
Paraguay,PRY,2011,111993.89810981676
Paraguay,PRY,2012,145599.43493538513
Paraguay,PRY,2013,120810.9260674266
Peru,PER,2005,5579.995905230782
Peru,PER,2006,6914.140426618411
Peru,PER,2007,8783.7755451134
Peru,PER,2008,10137.752054530647
Peru,PER,2009,12163.131728066539
Peru,PER,2010,11649.761963409095
Peru,PER,2011,11729.874578727016
Peru,PER,2012,11919.339174076362
Peru,PER,2013,11401.825435004284
Philippines,PHL,2005,2762.7090790182847
Philippines,PHL,2006,3174.345157806092
Philippines,PHL,2007,2800.375022092543
Philippines,PHL,2008,2643.1513919746285
Philippines,PHL,2009,2929.7326421664475
Philippines,PHL,2010,6035.053013324039
Philippines,PHL,2011,5238.975594681855
Philippines,PHL,2012,5013.587855190548
Philippines,PHL,2013,7043.917968840295
Poland,POL,2005,0
Poland,POL,2006,0
Poland,POL,2007,0
Poland,POL,2008,0
Poland,POL,2009,0
Poland,POL,2010,0
Poland,POL,2011,0
Poland,POL,2012,0
Poland,POL,2013,0
Portugal,PRT,2005,2457.8613669352053
Portugal,PRT,2006,2155.626912202286
Portugal,PRT,2007,2236.299367197382
Portugal,PRT,2008,2729.1782828039723
Portugal,PRT,2009,2832.3924846884474
Portugal,PRT,2010,2608.803216516828
Portugal,PRT,2011,2860.5335586596048
Portugal,PRT,2012,3514.5147238959617
Portugal,PRT,2013,3764.487002931586
Qatar,QAT,2005,0
Qatar,QAT,2006,0
Qatar,QAT,2007,0
Qatar,QAT,2008,0
Qatar,QAT,2009,0
Qatar,QAT,2010,0
Qatar,QAT,2011,0
Qatar,QAT,2012,0
Qatar,QAT,2013,0
Reunion,REU,2005,0
Reunion,REU,2006,0
Reunion,REU,2007,0
Reunion,REU,2008,0
Reunion,REU,2009,0
Reunion,REU,2010,0
Reunion,REU,2011,0
Reunion,REU,2012,0
Reunion,REU,2013,0
Romania,ROU,2005,0
Romania,ROU,2006,0
Romania,ROU,2007,0
Romania,ROU,2008,0
Romania,ROU,2009,0
Romania,ROU,2010,0
Romania,ROU,2011,0
Romania,ROU,2012,0
Romania,ROU,2013,0
Russia,RUS,2005,0
Russia,RUS,2006,0
Russia,RUS,2007,0
Russia,RUS,2008,0
Russia,RUS,2009,0
Russia,RUS,2010,0
Russia,RUS,2011,0
Russia,RUS,2012,0
Russia,RUS,2013,0
Rwanda,RWA,2005,9.782688194723733
Rwanda,RWA,2006,15.403087567279726
Rwanda,RWA,2007,14.52948235335839
Rwanda,RWA,2008,11.609750830863959
Rwanda,RWA,2009,9.249577994527726
Rwanda,RWA,2010,19.422496676162382
Rwanda,RWA,2011,18.898179556899777
Rwanda,RWA,2012,26.464707364979404
Rwanda,RWA,2013,28.135043629440588
Saint Lucia,LCA,2005,0
Saint Lucia,LCA,2006,0
Saint Lucia,LCA,2007,4.551826702995093
Saint Lucia,LCA,2008,5.3246761164432765
Saint Lucia,LCA,2009,5.3103670138224395
Saint Lucia,LCA,2010,4.705649960995977
Saint Lucia,LCA,2011,2.159995759736386
Saint Lucia,LCA,2012,0.09306409151012929
Saint Lucia,LCA,2013,0.05300042795015614
Saint Vincent and the Grenadines,VCT,2005,0
Saint Vincent and the Grenadines,VCT,2006,0
Saint Vincent and the Grenadines,VCT,2007,0
Saint Vincent and the Grenadines,VCT,2008,0
Saint Vincent and the Grenadines,VCT,2009,0
Saint Vincent and the Grenadines,VCT,2010,0
Saint Vincent and the Grenadines,VCT,2011,0
Saint Vincent and the Grenadines,VCT,2012,0
Saint Vincent and the Grenadines,VCT,2013,0
Samoa,WSM,2005,0
Samoa,WSM,2006,0
Samoa,WSM,2007,0
Samoa,WSM,2008,0
Samoa,WSM,2009,0
Samoa,WSM,2010,0
Samoa,WSM,2011,0
Samoa,WSM,2012,0
Samoa,WSM,2013,0
Sao Tome and Principe,STP,2005,0
Sao Tome and Principe,STP,2006,0
Sao Tome and Principe,STP,2007,0
Sao Tome and Principe,STP,2008,0
Sao Tome and Principe,STP,2009,0
Sao Tome and Principe,STP,2010,0
Sao Tome and Principe,STP,2011,0
Sao Tome and Principe,STP,2012,0
Sao Tome and Principe,STP,2013,0
Saudi Arabia,SAU,2005,0
Saudi Arabia,SAU,2006,0
Saudi Arabia,SAU,2007,0
Saudi Arabia,SAU,2008,0
Saudi Arabia,SAU,2009,0
Saudi Arabia,SAU,2010,0
Saudi Arabia,SAU,2011,0
Saudi Arabia,SAU,2012,0
Saudi Arabia,SAU,2013,0
Senegal,SEN,2005,0.6101924969318304
Senegal,SEN,2006,1.4987823707367056
Senegal,SEN,2007,12.93964188173814
Senegal,SEN,2008,4.1562903490710426
Senegal,SEN,2009,7.584263087718398
Senegal,SEN,2010,12.523804667469108
Senegal,SEN,2011,32.166524912874365
Senegal,SEN,2012,8.596297526363173
Senegal,SEN,2013,2.807826097529812
Serbia,SRB,2006,0
Serbia,SRB,2007,0
Serbia,SRB,2008,0
Serbia,SRB,2009,0
Serbia,SRB,2010,0
Serbia,SRB,2011,0
Serbia,SRB,2012,0
Serbia,SRB,2013,0
Seychelles,SYC,2005,0
Seychelles,SYC,2006,0
Seychelles,SYC,2007,0
Seychelles,SYC,2008,0
Seychelles,SYC,2009,0
Seychelles,SYC,2010,0
Seychelles,SYC,2011,0
Seychelles,SYC,2012,0.007630116611428872
Seychelles,SYC,2013,0.0341693185586005
Sierra Leone,SLE,2005,15.228102009539725
Sierra Leone,SLE,2006,17.974036966320455
Sierra Leone,SLE,2007,28.720119120465824
Sierra Leone,SLE,2008,108.25077759743817
Sierra Leone,SLE,2009,332.0841276512765
Sierra Leone,SLE,2010,311.28878062037984
Sierra Leone,SLE,2011,442.1256892509009
Sierra Leone,SLE,2012,505.4377109906327
Sierra Leone,SLE,2013,376.88164994208273
Singapore,SGP,2005,0
Singapore,SGP,2006,0
Singapore,SGP,2007,0
Singapore,SGP,2008,0
Singapore,SGP,2009,0.0843218317806873
Singapore,SGP,2010,0.14782552769337576
Singapore,SGP,2011,0.16140304659787796
Singapore,SGP,2012,0.15810974576001557
Singapore,SGP,2013,0.24214952500334785
Slovakia,SVK,2005,0
Slovakia,SVK,2006,0
Slovakia,SVK,2007,0
Slovakia,SVK,2008,0
Slovakia,SVK,2009,0
Slovakia,SVK,2010,0
Slovakia,SVK,2011,0
Slovakia,SVK,2012,0
Slovakia,SVK,2013,0
Slovenia,SVN,2005,0
Slovenia,SVN,2006,0
Slovenia,SVN,2007,0
Slovenia,SVN,2008,0
Slovenia,SVN,2009,0
Slovenia,SVN,2010,0
Slovenia,SVN,2011,0
Slovenia,SVN,2012,0
Slovenia,SVN,2013,0
Solomon Islands,SLB,2005,0
Solomon Islands,SLB,2006,0
Solomon Islands,SLB,2007,0
Solomon Islands,SLB,2008,0
Solomon Islands,SLB,2009,0
Solomon Islands,SLB,2010,0
Solomon Islands,SLB,2011,0
Solomon Islands,SLB,2012,0
Solomon Islands,SLB,2013,0
Somalia,SOM,2005,3.3112794696559718
Somalia,SOM,2006,1.3653901018963097
Somalia,SOM,2007,4.564287801322962
Somalia,SOM,2008,0.4051103928669022
Somalia,SOM,2009,0.004438643619721461
Somalia,SOM,2010,0.02329239832630492
Somalia,SOM,2011,0.17508155676989645
Somalia,SOM,2012,0.0002071946604473851
Somalia,SOM,2013,0.006534764847287988
South Africa,ZAF,2005,2172.931581822115
South Africa,ZAF,2006,1513.820835236089
South Africa,ZAF,2007,1784.8594071493644
South Africa,ZAF,2008,1016.1111373933018
South Africa,ZAF,2009,991.2892073572002
South Africa,ZAF,2010,869.8896917160091
South Africa,ZAF,2011,763.6746514427286
South Africa,ZAF,2012,2944.172199047687
South Africa,ZAF,2013,3911.1513861064595
South Korea,KOR,2005,0
South Korea,KOR,2006,0
South Korea,KOR,2007,0
South Korea,KOR,2008,0
South Korea,KOR,2009,0
South Korea,KOR,2010,0
South Korea,KOR,2011,0
South Korea,KOR,2012,0
South Korea,KOR,2013,0
Spain,ESP,2005,4745.383445309526
Spain,ESP,2006,6998.226032167524
Spain,ESP,2007,11309.524890037483
Spain,ESP,2008,10990.916445991825
Spain,ESP,2009,17490.720660011073
Spain,ESP,2010,17151.487000052097
Spain,ESP,2011,13204.70547418698
Spain,ESP,2012,9285.511872462232
Spain,ESP,2013,7693.860897882036
Sri Lanka,LKA,2005,237.87959438360303
Sri Lanka,LKA,2006,227.05614438368866
Sri Lanka,LKA,2007,579.9591010274962
Sri Lanka,LKA,2008,734.9607902068619
Sri Lanka,LKA,2009,910.4706997662352
Sri Lanka,LKA,2010,868.1541619809523
Sri Lanka,LKA,2011,1128.585014170405
Sri Lanka,LKA,2012,916.6677631502462
Sri Lanka,LKA,2013,846.2153183557093
Sudan,SDN,2005,0
Sudan,SDN,2006,0
Sudan,SDN,2007,0
Sudan,SDN,2008,0
Sudan,SDN,2009,0
Sudan,SDN,2010,0
Sudan,SDN,2011,0
Suriname,SUR,2005,0
Suriname,SUR,2006,0
Suriname,SUR,2007,60.07905881302372
Suriname,SUR,2008,140.04587545511663
Suriname,SUR,2009,254.33686857920497
Suriname,SUR,2010,535.0181075025666
Suriname,SUR,2011,417.2423984324141
Suriname,SUR,2012,530.0327335416146
Suriname,SUR,2013,457.4587201347192
Sweden,SWE,2005,0
Sweden,SWE,2006,0
Sweden,SWE,2007,0
Sweden,SWE,2008,0
Sweden,SWE,2009,0
Sweden,SWE,2010,0
Sweden,SWE,2011,0
Sweden,SWE,2012,0
Sweden,SWE,2013,0
Switzerland,CHE,2005,0
Switzerland,CHE,2006,0
Switzerland,CHE,2007,0
Switzerland,CHE,2008,0
Switzerland,CHE,2009,0
Switzerland,CHE,2010,0
Switzerland,CHE,2011,0
Switzerland,CHE,2012,0
Switzerland,CHE,2013,0
Syria,SYR,2005,32.845877319213315
Syria,SYR,2006,53.86187180930298
Syria,SYR,2007,85.58919070032647
Syria,SYR,2008,66.77082158656242
Syria,SYR,2009,60.56502659083469
Syria,SYR,2010,83.94926667651771
Syria,SYR,2011,23.498904837262785
Syria,SYR,2012,47.87568620621164
Syria,SYR,2013,80.39808701858692
Taiwan,TWN,2005,0
Taiwan,TWN,2006,0
Taiwan,TWN,2007,0
Taiwan,TWN,2008,0
Taiwan,TWN,2009,0
Taiwan,TWN,2010,0
Taiwan,TWN,2011,0
Taiwan,TWN,2012,0
Taiwan,TWN,2013,0
Tajikistan,TJK,2005,0
Tajikistan,TJK,2006,0
Tajikistan,TJK,2007,0
Tajikistan,TJK,2008,0
Tajikistan,TJK,2009,0
Tajikistan,TJK,2010,0
Tajikistan,TJK,2011,0
Tajikistan,TJK,2012,0
Tajikistan,TJK,2013,0
Tanzania,TZA,2005,8814.95628441441
Tanzania,TZA,2006,10212.948564080289
Tanzania,TZA,2007,12173.222191149616
Tanzania,TZA,2008,12415.86814811187
Tanzania,TZA,2009,19425.884923787264
Tanzania,TZA,2010,14514.761433133797
Tanzania,TZA,2011,13306.343151981477
Tanzania,TZA,2012,15603.123304706998
Tanzania,TZA,2013,11714.110287876654
Thailand,THA,2005,14184.089257746928
Thailand,THA,2006,19726.171887273485
Thailand,THA,2007,24542.388125940066
Thailand,THA,2008,23986.82563427252
Thailand,THA,2009,29467.52963679556
Thailand,THA,2010,40960.78217811388
Thailand,THA,2011,50770.88314494387
Thailand,THA,2012,52565.57943676215
Thailand,THA,2013,58355.37657773996
Timor,TLS,2005,9.6821389369577
Timor,TLS,2006,11.19247423000968
Timor,TLS,2007,5.06489574769671
Timor,TLS,2008,13.870888610728969
Timor,TLS,2009,0
Timor,TLS,2010,0.14160118273380817
Timor,TLS,2011,11.942602255270458
Timor,TLS,2012,8.703186718265897
Timor,TLS,2013,6.79476620611058
Togo,TGO,2005,511.93709956493876
Togo,TGO,2006,425.64169144147127
Togo,TGO,2007,763.3847493257731
Togo,TGO,2008,774.5334536081505
Togo,TGO,2009,1311.186191867463
Togo,TGO,2010,1147.517636137044
Togo,TGO,2011,1066.9269132219524
Togo,TGO,2012,825.6860865665044
Togo,TGO,2013,745.6187498961644
Tonga,TON,2005,0
Tonga,TON,2006,0
Tonga,TON,2007,0
Tonga,TON,2008,0
Tonga,TON,2009,0
Tonga,TON,2010,0
Tonga,TON,2011,0
Tonga,TON,2012,0
Tonga,TON,2013,0
Trinidad and Tobago,TTO,2005,59.86382444710284
Trinidad and Tobago,TTO,2006,66.90626587583301
Trinidad and Tobago,TTO,2007,59.180492393266604
Trinidad and Tobago,TTO,2008,22.605607101963187
Trinidad and Tobago,TTO,2009,47.41250604424124
Trinidad and Tobago,TTO,2010,41.85388226044756
Trinidad and Tobago,TTO,2011,8.96411985270396
Trinidad and Tobago,TTO,2012,11.878280667188733
Trinidad and Tobago,TTO,2013,12.272017885696243
Tunisia,TUN,2005,4.659476089592772
Tunisia,TUN,2006,24.928651947807566
Tunisia,TUN,2007,32.959247757365915
Tunisia,TUN,2008,63.680122512074945
Tunisia,TUN,2009,76.13153727351312
Tunisia,TUN,2010,71.47853354133463
Tunisia,TUN,2011,99.19957976351941
Tunisia,TUN,2012,78.10766228771854
Tunisia,TUN,2013,75.48108012899343
Turkey,TUR,2005,929.8359475480574
Turkey,TUR,2006,1022.4099585874283
Turkey,TUR,2007,649.4352961403056
Turkey,TUR,2008,801.580565109416
Turkey,TUR,2009,851.3695114291404
Turkey,TUR,2010,787.5702652752589
Turkey,TUR,2011,808.5980846032544
Turkey,TUR,2012,1187.5580089632276
Turkey,TUR,2013,1523.0047608319874
Turkmenistan,TKM,2005,0
Turkmenistan,TKM,2006,0
Turkmenistan,TKM,2007,0
Turkmenistan,TKM,2008,0
Turkmenistan,TKM,2009,0
Turkmenistan,TKM,2010,0
Turkmenistan,TKM,2011,0
Turkmenistan,TKM,2012,0
Turkmenistan,TKM,2013,0
Uganda,UGA,2005,1303.051476466473
Uganda,UGA,2006,2635.0145453299847
Uganda,UGA,2007,5707.0746607800975
Uganda,UGA,2008,5687.409134333502
Uganda,UGA,2009,6851.496865695302
Uganda,UGA,2010,6698.437134345102
Uganda,UGA,2011,6969.261857314341
Uganda,UGA,2012,4239.285486003711
Uganda,UGA,2013,2654.7713574374466
Ukraine,UKR,2005,0
Ukraine,UKR,2006,0
Ukraine,UKR,2007,0
Ukraine,UKR,2008,0
Ukraine,UKR,2009,0
Ukraine,UKR,2010,0
Ukraine,UKR,2011,0
Ukraine,UKR,2012,0
Ukraine,UKR,2013,0
United Arab Emirates,ARE,2005,0
United Arab Emirates,ARE,2006,0
United Arab Emirates,ARE,2007,0
United Arab Emirates,ARE,2008,0
United Arab Emirates,ARE,2009,0
United Arab Emirates,ARE,2010,0
United Arab Emirates,ARE,2011,0
United Arab Emirates,ARE,2012,0
United Arab Emirates,ARE,2013,0
United Kingdom,GBR,2005,0
United Kingdom,GBR,2006,0
United Kingdom,GBR,2007,0
United Kingdom,GBR,2008,0
United Kingdom,GBR,2009,0
United Kingdom,GBR,2010,0
United Kingdom,GBR,2011,0
United Kingdom,GBR,2012,0
United Kingdom,GBR,2013,0
United States,USA,2005,0
United States,USA,2006,0
United States,USA,2007,0
United States,USA,2008,0
United States,USA,2009,0
United States,USA,2010,0
United States,USA,2011,0
United States,USA,2012,0
United States,USA,2013,0
Uruguay,URY,2005,6838.118867177645
Uruguay,URY,2006,9930.77700231927
Uruguay,URY,2007,9624.081535542748
Uruguay,URY,2008,11521.505461194392
Uruguay,URY,2009,10038.83846443498
Uruguay,URY,2010,10503.472026930149
Uruguay,URY,2011,11883.105855614784
Uruguay,URY,2012,10576.541665617018
Uruguay,URY,2013,12141.647351452299
Uzbekistan,UZB,2005,0
Uzbekistan,UZB,2006,0
Uzbekistan,UZB,2007,0
Uzbekistan,UZB,2008,0
Uzbekistan,UZB,2009,0
Uzbekistan,UZB,2010,0
Uzbekistan,UZB,2011,0
Uzbekistan,UZB,2012,0
Uzbekistan,UZB,2013,0
Vanuatu,VUT,2005,0
Vanuatu,VUT,2006,0
Vanuatu,VUT,2007,0
Vanuatu,VUT,2008,0
Vanuatu,VUT,2009,0
Vanuatu,VUT,2010,0
Vanuatu,VUT,2011,0
Vanuatu,VUT,2012,0
Vanuatu,VUT,2013,0
Venezuela,VEN,2005,2437.650167190368
Venezuela,VEN,2006,3789.2975060168537
Venezuela,VEN,2007,1046.2671533810935
Venezuela,VEN,2008,1813.0295483115915
Venezuela,VEN,2009,2406.1257230196643
Venezuela,VEN,2010,5364.4812169773795
Venezuela,VEN,2011,7671.6521535561915
Venezuela,VEN,2012,4694.434419912803
Venezuela,VEN,2013,2680.583947933301
Vietnam,VNM,2005,13490.209107094051
Vietnam,VNM,2006,14233.517037546866
Vietnam,VNM,2007,19119.521583761787
Vietnam,VNM,2008,16561.111240867816
Vietnam,VNM,2009,23005.213671578895
Vietnam,VNM,2010,50925.70021214355
Vietnam,VNM,2011,48608.69424408416
Vietnam,VNM,2012,42661.5316435352
Vietnam,VNM,2013,39150.12827644504
Yemen,YEM,2005,0.000008425974301867756
Yemen,YEM,2006,0
Yemen,YEM,2007,0.000014505689273986572
Yemen,YEM,2008,0
Yemen,YEM,2009,0
Yemen,YEM,2010,0.0000882887758608189
Yemen,YEM,2011,0.00028347220509669646
Yemen,YEM,2012,0.00018269359443555573
Yemen,YEM,2013,0.00023187064372868355
Zambia,ZMB,2005,10369.106677573269
Zambia,ZMB,2006,13392.807863101174
Zambia,ZMB,2007,9544.41869089497
Zambia,ZMB,2008,6127.884569922149
Zambia,ZMB,2009,5146.46545753481
Zambia,ZMB,2010,12848.958401075768
Zambia,ZMB,2011,19927.659187766374
Zambia,ZMB,2012,27446.076437016352
Zambia,ZMB,2013,22684.25950233492
Zimbabwe,ZWE,2005,479.9325978788929
Zimbabwe,ZWE,2006,1011.8262721310402
Zimbabwe,ZWE,2007,1169.2015302565724
Zimbabwe,ZWE,2008,1087.2995674637605
Zimbabwe,ZWE,2009,1708.9472015144092
Zimbabwe,ZWE,2010,635.0612875760016
Zimbabwe,ZWE,2011,2.2310281610007223
Zimbabwe,ZWE,2012,0
Zimbabwe,ZWE,2013,645.7833193745937