Entity,Code,Year,imported_deforestation
Afghanistan,AFG,2005,358.92149596180536
Afghanistan,AFG,2006,104.46637564726379
Afghanistan,AFG,2007,157.6413263757118
Afghanistan,AFG,2008,270.48644663160246
Afghanistan,AFG,2009,583.7729544845712
Afghanistan,AFG,2010,1132.6910257886716
Afghanistan,AFG,2011,663.5228874411983
Afghanistan,AFG,2012,687.7361328842524
Afghanistan,AFG,2013,652.5734667452028
Albania,ALB,2005,1224.2247514450737
Albania,ALB,2006,1222.3040421783985
Albania,ALB,2007,1556.6877431998214
Albania,ALB,2008,1210.8637933477976
Albania,ALB,2009,679.0106664965265
Albania,ALB,2010,519.2463574257345
Albania,ALB,2011,352.39225055737325
Albania,ALB,2012,359.2176150446321
Albania,ALB,2013,273.9640269580851
Algeria,DZA,2005,17244.309411030055
Algeria,DZA,2006,15153.087645543408
Algeria,DZA,2007,14109.3499962989
Algeria,DZA,2008,15078.898248073649
Algeria,DZA,2009,18066.455748276825
Algeria,DZA,2010,14828.68192168215
Algeria,DZA,2011,16739.51042082115
Algeria,DZA,2012,20090.36237785509
Algeria,DZA,2013,17952.924035519572
Angola,AGO,2005,3868.14692732392
Angola,AGO,2006,5718.385469785557
Angola,AGO,2007,6797.398314346938
Angola,AGO,2008,9297.891773121199
Angola,AGO,2009,5601.757255705292
Angola,AGO,2010,4202.7827758638305
Angola,AGO,2011,5311.760519934003
Angola,AGO,2012,6231.291229646886
Angola,AGO,2013,5823.8892067475535
Argentina,ARG,2005,2187.9405437899986
Argentina,ARG,2006,3501.9475031220936
Argentina,ARG,2007,6071.241915288323
Argentina,ARG,2008,8054.597083029395
Argentina,ARG,2009,4418.672987378057
Argentina,ARG,2010,3094.9223659904965
Argentina,ARG,2011,1967.6172665824997
Argentina,ARG,2012,1831.0001144467678
Argentina,ARG,2013,2288.38009757534
Armenia,ARM,2005,394.9241922352245
Armenia,ARM,2006,340.7487193876024
Armenia,ARM,2007,354.5662050897795
Armenia,ARM,2008,422.6645452645498
Armenia,ARM,2009,371.654997844516
Armenia,ARM,2010,515.9098275516429
Armenia,ARM,2011,385.1147633973085
Armenia,ARM,2012,386.4560568862988
Armenia,ARM,2013,434.5095624817805
Aruba,ABW,2005,945.5230016467336
Aruba,ABW,2006,930.2895642438159
Aruba,ABW,2007,733.3348643722943
Aruba,ABW,2008,819.2302295396174
Aruba,ABW,2009,247.85487066203257
Aruba,ABW,2010,224.03141384201447
Aruba,ABW,2011,148.55131235975176
Aruba,ABW,2012,146.98547463782222
Aruba,ABW,2013,137.89598724919168
Australia,AUS,2005,3405.3733933894473
Australia,AUS,2006,4388.4790809073675
Australia,AUS,2007,6257.670050293789
Australia,AUS,2008,6108.737875719715
Australia,AUS,2009,6370.030394820053
Australia,AUS,2010,5273.130649671661
Australia,AUS,2011,5131.316341778071
Australia,AUS,2012,5286.009406958907
Australia,AUS,2013,4361.945171784719
Austria,AUT,2005,3249.590435925199
Austria,AUT,2006,3189.1081311816138
Austria,AUT,2007,3124.47690808923
Austria,AUT,2008,2825.24750889466
Austria,AUT,2009,2996.258703601298
Austria,AUT,2010,2908.5189438873144
Austria,AUT,2011,3078.8971968295195
Austria,AUT,2012,2973.2592103286865
Austria,AUT,2013,2419.8153219014357
Azerbaijan,AZE,2005,506.9372207491136
Azerbaijan,AZE,2006,565.5611193200065
Azerbaijan,AZE,2007,633.0649266170088
Azerbaijan,AZE,2008,733.2650190154353
Azerbaijan,AZE,2009,719.523197000162
Azerbaijan,AZE,2010,729.0495624922095
Azerbaijan,AZE,2011,761.2058639278591
Azerbaijan,AZE,2012,1084.604940867554
Azerbaijan,AZE,2013,903.3685955874997
Bahamas,BHS,2005,150.15736740233362
Bahamas,BHS,2006,82.48117009638136
Bahamas,BHS,2007,120.7914067626192
Bahamas,BHS,2008,87.11489384983079
Bahamas,BHS,2009,129.12929212529676
Bahamas,BHS,2010,132.55640610833385
Bahamas,BHS,2011,134.79366445147375
Bahamas,BHS,2012,190.66443025585804
Bahamas,BHS,2013,148.12235770040988
Bahrain,BHR,2005,537.082093268796
Bahrain,BHR,2006,484.15357396891824
Bahrain,BHR,2007,487.6440798037008
Bahrain,BHR,2008,408.0077854089194
Bahrain,BHR,2009,490.92598594549736
Bahrain,BHR,2010,1559.5505155840424
Bahrain,BHR,2011,889.320076310925
Bahrain,BHR,2012,970.2994831285353
Bahrain,BHR,2013,755.1940543340071
Bangladesh,BGD,2005,7354.45848025103
Bangladesh,BGD,2006,15567.484732681207
Bangladesh,BGD,2007,21544.340592830806
Bangladesh,BGD,2008,11525.282114780133
Bangladesh,BGD,2009,18154.293007780296
Bangladesh,BGD,2010,16532.266436400583
Bangladesh,BGD,2011,19291.72258444186
Bangladesh,BGD,2012,17006.658520173845
Bangladesh,BGD,2013,15269.22705058326
Barbados,BRB,2005,154.87637626218122
Barbados,BRB,2006,118.51849437926892
Barbados,BRB,2007,158.23714404279482
Barbados,BRB,2008,120.37928585160415
Barbados,BRB,2009,155.73489330495516
Barbados,BRB,2010,141.95689264491932
Barbados,BRB,2011,197.7968017188659
Barbados,BRB,2012,112.17605872342428
Barbados,BRB,2013,155.3028102909633
Belarus,BLR,2005,897.0999102038485
Belarus,BLR,2006,1041.260443768123
Belarus,BLR,2007,812.6171200315501
Belarus,BLR,2008,1015.1251065876716
Belarus,BLR,2009,1078.2592240400238
Belarus,BLR,2010,965.3895528824098
Belarus,BLR,2011,1293.240316656072
Belarus,BLR,2012,1719.3441451542033
Belarus,BLR,2013,1062.0361039063741
Belgium,BEL,2005,12588.616692041902
Belgium,BEL,2006,15538.825245090842
Belgium,BEL,2007,13476.1546803797
Belgium,BEL,2008,13660.343421195357
Belgium,BEL,2009,14655.204786694023
Belgium,BEL,2010,11481.467259347153
Belgium,BEL,2011,11437.457491538667
Belgium,BEL,2012,10251.305417852986
Belgium,BEL,2013,8520.40599977923
Belize,BLZ,2005,67.15953695765609
Belize,BLZ,2006,64.86364303736889
Belize,BLZ,2007,69.0383898280084
Belize,BLZ,2008,43.04530645567411
Belize,BLZ,2009,36.89841295231656
Belize,BLZ,2010,47.13688792729067
Belize,BLZ,2011,56.15154993622491
Belize,BLZ,2012,49.08627890569551
Belize,BLZ,2013,54.58252074349491
Benin,BEN,2005,516.5904471825684
Benin,BEN,2006,1204.8317036383196
Benin,BEN,2007,1211.4338021787057
Benin,BEN,2008,1716.5418591457556
Benin,BEN,2009,1652.631238903552
Benin,BEN,2010,1629.9588259044885
Benin,BEN,2011,2879.523165788338
Benin,BEN,2012,1335.191194703656
Benin,BEN,2013,1268.3379013569906
Bermuda,BMU,2005,48.13399357728148
Bermuda,BMU,2006,42.08651838891179
Bermuda,BMU,2007,30.410989862161337
Bermuda,BMU,2008,24.458130278476933
Bermuda,BMU,2009,20.234669614114456
Bermuda,BMU,2010,19.974224171064442
Bermuda,BMU,2011,14.730552020380609
Bermuda,BMU,2012,14.334305986870257
Bermuda,BMU,2013,16.248051428864517
Bhutan,BTN,2005,9.734234613820263
Bhutan,BTN,2006,1.0217080023040808
Bhutan,BTN,2007,3.0960761650859467
Bhutan,BTN,2008,7.7465694173349675
Bhutan,BTN,2009,9.258965296241172
Bhutan,BTN,2010,23.186236484089534
Bhutan,BTN,2011,12.67132797323245
Bhutan,BTN,2012,23.36502153282197
Bhutan,BTN,2013,3.8836130412749412
Bosnia and Herzegovina,BIH,2005,835.4043657458707
Bosnia and Herzegovina,BIH,2006,1034.2814581774342
Bosnia and Herzegovina,BIH,2007,927.4697520673238
Bosnia and Herzegovina,BIH,2008,888.0966309760327
Bosnia and Herzegovina,BIH,2009,706.1314863358123
Bosnia and Herzegovina,BIH,2010,561.1491182849487
Bosnia and Herzegovina,BIH,2011,481.3237411861324
Bosnia and Herzegovina,BIH,2012,551.6481902118034
Bosnia and Herzegovina,BIH,2013,533.1941440209536
Botswana,BWA,2005,31.88795927802103
Botswana,BWA,2006,42.29031921260594
Botswana,BWA,2007,416.9900840125669
Botswana,BWA,2008,357.1755042613662
Botswana,BWA,2009,560.3536455502403
Botswana,BWA,2010,776.2450900399164
Botswana,BWA,2011,435.7265599462796
Botswana,BWA,2012,1227.523235680069
Botswana,BWA,2013,973.4923123361173
Brazil,BRA,2005,15707.331441640621
Brazil,BRA,2006,15199.871825420996
Brazil,BRA,2007,20101.836007149657
Brazil,BRA,2008,26418.938199674245
Brazil,BRA,2009,41847.563762230566
Brazil,BRA,2010,39587.721447833115
Brazil,BRA,2011,38832.596757299034
Brazil,BRA,2012,49334.82538843574
Brazil,BRA,2013,37769.96781122242
Brunei,BRN,2005,135.01101105325858
Brunei,BRN,2006,204.49669613847954
Brunei,BRN,2007,176.93956013123523
Brunei,BRN,2008,140.93552586536396
Brunei,BRN,2009,176.36624461349356
Brunei,BRN,2010,168.40914232041916
Brunei,BRN,2011,180.4652298997005
Brunei,BRN,2012,215.63773706112363
Brunei,BRN,2013,257.15585704290254
Bulgaria,BGR,2005,9578.184352500182
Bulgaria,BGR,2006,10710.997790877429
Bulgaria,BGR,2007,1363.9428158036278
Bulgaria,BGR,2008,1401.0656743337374
Bulgaria,BGR,2009,1651.106294732525
Bulgaria,BGR,2010,1455.3684041551248
Bulgaria,BGR,2011,1476.3830061993588
Bulgaria,BGR,2012,1481.1377273225226
Bulgaria,BGR,2013,1423.7521503901348
Burkina Faso,BFA,2005,149.52099836106134
Burkina Faso,BFA,2006,188.66265768793983
Burkina Faso,BFA,2007,171.72230133122483
Burkina Faso,BFA,2008,130.84336364994513
Burkina Faso,BFA,2009,610.2074610244927
Burkina Faso,BFA,2010,522.8580369972788
Burkina Faso,BFA,2011,587.5443246120251
Burkina Faso,BFA,2012,466.01236365728874
Burkina Faso,BFA,2013,614.6232232849583
Burundi,BDI,2005,79.49272873600057
Burundi,BDI,2006,146.6016467034018
Burundi,BDI,2007,162.45375002290984
Burundi,BDI,2008,117.44307263441647
Burundi,BDI,2009,176.6651556464351
Burundi,BDI,2010,166.24369560065816
Burundi,BDI,2011,152.43757531623828
Burundi,BDI,2012,576.5577394946724
Burundi,BDI,2013,227.82478018363167
Cambodia,KHM,2005,292.0745146947811
Cambodia,KHM,2006,457.0806251560716
Cambodia,KHM,2007,469.8645259249315
Cambodia,KHM,2008,434.3938443877196
Cambodia,KHM,2009,625.3823268303604
Cambodia,KHM,2010,514.1720320232307
Cambodia,KHM,2011,623.1864933505021
Cambodia,KHM,2012,676.2241514873094
Cambodia,KHM,2013,562.7681927440717
Cameroon,CMR,2005,501.61799204972885
Cameroon,CMR,2006,512.1021447841777
Cameroon,CMR,2007,383.7923056978325
Cameroon,CMR,2008,579.2048717812431
Cameroon,CMR,2009,1094.8259100092728
Cameroon,CMR,2010,895.43789712125
Cameroon,CMR,2011,959.3042870108111
Cameroon,CMR,2012,1125.977857532078
Cameroon,CMR,2013,863.937488247142
Canada,CAN,2005,5387.216305163992
Canada,CAN,2006,5533.022948961417
Canada,CAN,2007,6331.469014438771
Canada,CAN,2008,5030.494172099739
Canada,CAN,2009,5503.007116610943
Canada,CAN,2010,6050.570249285576
Canada,CAN,2011,5542.45849958118
Canada,CAN,2012,5744.721993414849
Canada,CAN,2013,5401.245027811636
Cape Verde,CPV,2005,169.23590589098393
Cape Verde,CPV,2006,224.56202653923677
Cape Verde,CPV,2007,234.88271077893643
Cape Verde,CPV,2008,230.85490102023996
Cape Verde,CPV,2009,192.15161346478038
Cape Verde,CPV,2010,201.13324885245464
Cape Verde,CPV,2011,206.31682173185027
Cape Verde,CPV,2012,225.29909264433152
Cape Verde,CPV,2013,279.16790893541054
Cayman Islands,CYM,2005,5123.366656466503
Cayman Islands,CYM,2006,6627.429200334626
Cayman Islands,CYM,2007,4493.96286534038
Cayman Islands,CYM,2008,743.636878186115
Cayman Islands,CYM,2009,1747.0790222961593
Cayman Islands,CYM,2010,25.41865991569353
Cayman Islands,CYM,2011,45.87063517438265
Cayman Islands,CYM,2012,217.78160134625747
Cayman Islands,CYM,2013,35.20645052364823
Central African Republic,CAF,2005,48.941719208793074
Central African Republic,CAF,2006,7.805721683027514
Central African Republic,CAF,2007,40.45390109063828
Central African Republic,CAF,2008,72.54615220350024
Central African Republic,CAF,2009,64.3447737405586
Central African Republic,CAF,2010,65.54058575768431
Central African Republic,CAF,2011,65.93036979087356
Central African Republic,CAF,2012,57.61016393601221
Central African Republic,CAF,2013,47.78050773233281
Chad,TCD,2005,27.238260991793595
Chad,TCD,2006,10.309003399315316
Chad,TCD,2007,19.438916841412265
Chad,TCD,2008,18.695916971717452
Chad,TCD,2009,78.35240244751276
Chad,TCD,2010,164.65046848590646
Chad,TCD,2011,18.084614985951703
Chad,TCD,2012,20.07941636202486
Chad,TCD,2013,15.06424093705391
Chile,CHL,2005,24507.61878068962
Chile,CHL,2006,19376.443497283217
Chile,CHL,2007,36449.636977112
Chile,CHL,2008,33276.223681592
Chile,CHL,2009,37190.15251931227
Chile,CHL,2010,31897.148720356283
Chile,CHL,2011,27696.423339328885
Chile,CHL,2012,25361.676389948836
Chile,CHL,2013,26662.602775021704
China,CHN,2005,149357.91818933285
China,CHN,2006,171139.46372269062
China,CHN,2007,154436.96259728135
China,CHN,2008,150654.10159678847
China,CHN,2009,188946.85510863992
China,CHN,2010,215512.26091769637
China,CHN,2011,220344.3150551685
China,CHN,2012,276111.32343920815
China,CHN,2013,270174.0556825453
Colombia,COL,2005,9519.972150630987
Colombia,COL,2006,8294.69982276854
Colombia,COL,2007,10597.327365277451
Colombia,COL,2008,11258.076611485565
Colombia,COL,2009,13089.734620796196
Colombia,COL,2010,12315.564807039598
Colombia,COL,2011,14141.8929794781
Colombia,COL,2012,17827.884869777918
Colombia,COL,2013,11752.870463784973
Congo,COG,2005,328.99009263158405
Congo,COG,2006,488.24095829681573
Congo,COG,2007,597.0665708235865
Congo,COG,2008,655.9615502007637
Congo,COG,2009,3046.4557097019588
Congo,COG,2010,1579.1352886786935
Congo,COG,2011,1493.2732826963802
Congo,COG,2012,1310.627037418475
Congo,COG,2013,602.9662809030342
Cook Islands,COK,2005,1.200044017036242
Cook Islands,COK,2006,1.2148571676952704
Cook Islands,COK,2007,3.2675781650302524
Cook Islands,COK,2008,4.45409703005781
Cook Islands,COK,2009,3.9468958206646887
Cook Islands,COK,2010,7.90036868695242
Cook Islands,COK,2011,4.010689537372227
Cook Islands,COK,2012,5.015614895881695
Cook Islands,COK,2013,4.781795490609457
Costa Rica,CRI,2005,1299.6789445507172
Costa Rica,CRI,2006,1143.9647478639283
Costa Rica,CRI,2007,1348.626477197652
Costa Rica,CRI,2008,1537.1000125764103
Costa Rica,CRI,2009,912.4799753467514
Costa Rica,CRI,2010,836.44594751165
Costa Rica,CRI,2011,1017.3430943165722
Costa Rica,CRI,2012,1195.1167611076999
Costa Rica,CRI,2013,2432.762891552582
Cote d'Ivoire,CIV,2005,640.7314261453721
Cote d'Ivoire,CIV,2006,852.593282547612
Cote d'Ivoire,CIV,2007,779.346715081796
Cote d'Ivoire,CIV,2008,824.2928764422759
Cote d'Ivoire,CIV,2009,1303.8017844400674
Cote d'Ivoire,CIV,2010,1633.363777626073
Cote d'Ivoire,CIV,2011,1318.6345390754323
Cote d'Ivoire,CIV,2012,1307.2222057801591
Cote d'Ivoire,CIV,2013,819.3359063476546
Croatia,HRV,2005,1631.4015496348482
Croatia,HRV,2006,1706.7051742954989
Croatia,HRV,2007,1588.3840849779313
Croatia,HRV,2008,1120.2330697083967
Croatia,HRV,2009,903.6928756621978
Croatia,HRV,2010,818.6889584583935
Croatia,HRV,2011,733.3937890391115
Croatia,HRV,2012,915.0281007629586
Croatia,HRV,2013,741.4627994139273
Cuba,CUB,2005,2168.0798629922465
Cuba,CUB,2006,2753.547715026958
Cuba,CUB,2007,1272.3040891338078
Cuba,CUB,2008,1610.046551164125
Cuba,CUB,2009,640.6075463472498
Cuba,CUB,2010,1742.8678737292703
Cuba,CUB,2011,1829.3824057452675
Cuba,CUB,2012,2118.81716592269
Cuba,CUB,2013,2297.5679574174083
Cyprus,CYP,2005,597.209589407185
Cyprus,CYP,2006,539.9317347170005
Cyprus,CYP,2007,599.9141011466854
Cyprus,CYP,2008,705.9332003126915
Cyprus,CYP,2009,667.9000148992069
Cyprus,CYP,2010,493.1122982489759
Cyprus,CYP,2011,453.94235007556455
Cyprus,CYP,2012,484.0977319244495
Cyprus,CYP,2013,400.2523007941369
Democratic Republic of Congo,COD,2005,1003.1935063352357
Democratic Republic of Congo,COD,2006,1020.9209188087407
Democratic Republic of Congo,COD,2007,1988.5943699669297
Democratic Republic of Congo,COD,2008,2258.7507675745
Democratic Republic of Congo,COD,2009,1405.2493267480604
Democratic Republic of Congo,COD,2010,1543.5041238878912
Democratic Republic of Congo,COD,2011,1682.1204482836038
Democratic Republic of Congo,COD,2012,1787.079339434713
Democratic Republic of Congo,COD,2013,2138.80815867371
Denmark,DNK,2005,5967.090391882574
Denmark,DNK,2006,5191.716871511955
Denmark,DNK,2007,4730.60381099486
Denmark,DNK,2008,3985.135589593306
Denmark,DNK,2009,4432.20328821127
Denmark,DNK,2010,4020.9575960294637
Denmark,DNK,2011,4341.193227885779
Denmark,DNK,2012,4052.355998732073
Denmark,DNK,2013,2959.179475920687
Djibouti,DJI,2005,397.7590565474455
Djibouti,DJI,2006,1366.587473773464
Djibouti,DJI,2007,1456.1584044232563
Djibouti,DJI,2008,1135.0944489883334
Djibouti,DJI,2009,1464.7568636923972
Djibouti,DJI,2010,1454.1649202408128
Djibouti,DJI,2011,2598.7994765574495
Djibouti,DJI,2012,4310.76149152313
Djibouti,DJI,2013,3679.354354821133
Dominica,DMA,2005,6.623912702171776
Dominica,DMA,2006,5.1428391298865765
Dominica,DMA,2007,1.7636065100445744
Dominica,DMA,2008,2.1941716913083136
Dominica,DMA,2009,2.701826305288045
Dominica,DMA,2010,1.7783755346300025
Dominica,DMA,2011,2.2188355659985595
Dominica,DMA,2012,0.6779192406687001
Dominica,DMA,2013,0.8473112757999801
Dominican Republic,DOM,2005,1372.6471537050202
Dominican Republic,DOM,2006,979.1834447569745
Dominican Republic,DOM,2007,874.53026581021
Dominican Republic,DOM,2008,906.838043932994
Dominican Republic,DOM,2009,891.3523519412174
Dominican Republic,DOM,2010,1653.9776468651544
Dominican Republic,DOM,2011,1525.6515109388292
Dominican Republic,DOM,2012,3462.847271339502
Dominican Republic,DOM,2013,2134.5279251039356
Ecuador,ECU,2005,2244.1017084642863
Ecuador,ECU,2006,2774.657866000889
Ecuador,ECU,2007,2676.7356159144983
Ecuador,ECU,2008,3437.2833839880914
Ecuador,ECU,2009,4129.090051978506
Ecuador,ECU,2010,3341.4779537550385
Ecuador,ECU,2011,3557.140027622947
Ecuador,ECU,2012,2687.158391763569
Ecuador,ECU,2013,1861.3624754052398
Egypt,EGY,2005,33345.75037693067
Egypt,EGY,2006,43026.19822253586
Egypt,EGY,2007,32999.073146141374
Egypt,EGY,2008,24416.45691736247
Egypt,EGY,2009,12113.844879341805
Egypt,EGY,2010,37429.91299228116
Egypt,EGY,2011,28909.84133957946
Egypt,EGY,2012,42119.3540930024
Egypt,EGY,2013,41038.2246317709
El Salvador,SLV,2005,4263.078226359984
El Salvador,SLV,2006,4280.101684915857
El Salvador,SLV,2007,4697.289841572983
El Salvador,SLV,2008,5301.467764669807
El Salvador,SLV,2009,5743.178692849789
El Salvador,SLV,2010,4968.021941126104
El Salvador,SLV,2011,4389.748689785439
El Salvador,SLV,2012,3602.102261718522
El Salvador,SLV,2013,3239.938935997133
Equatorial Guinea,GNQ,2005,282.2279090514494
Equatorial Guinea,GNQ,2006,161.80836800291968
Equatorial Guinea,GNQ,2007,284.6623736248669
Equatorial Guinea,GNQ,2008,282.46515732126176
Equatorial Guinea,GNQ,2009,194.47879173924247
Equatorial Guinea,GNQ,2010,128.46672076045488
Equatorial Guinea,GNQ,2011,194.2103533298927
Equatorial Guinea,GNQ,2012,188.81950743820374
Equatorial Guinea,GNQ,2013,200.0326345717956
Eritrea,ERI,2005,81.81945382018384
Eritrea,ERI,2006,36.22651734925624
Eritrea,ERI,2007,33.77784388416208
Eritrea,ERI,2008,27.220434941326612
Eritrea,ERI,2009,66.72235210379625
Eritrea,ERI,2010,37.959392893613725
Eritrea,ERI,2011,111.79704682050607
Eritrea,ERI,2012,79.72067725853852
Eritrea,ERI,2013,90.4339144791915
Estonia,EST,2005,236.64545802442166
Estonia,EST,2006,267.00562862221864
Estonia,EST,2007,352.1651294957718
Estonia,EST,2008,214.2830200657613
Estonia,EST,2009,212.29284225262293
Estonia,EST,2010,186.8700633472539
Estonia,EST,2011,233.65890242819145
Estonia,EST,2012,292.23187960460706
Estonia,EST,2013,356.7086262012318
Ethiopia,ETH,2005,207.72003173726262
Ethiopia,ETH,2006,294.15732202030813
Ethiopia,ETH,2007,537.9305456734946
Ethiopia,ETH,2008,1083.3079344846155
Ethiopia,ETH,2009,1509.380204537727
Ethiopia,ETH,2010,1844.9689613384544
Ethiopia,ETH,2011,2448.529965162801
Ethiopia,ETH,2012,4462.491289955775
Ethiopia,ETH,2013,3475.7472078161227
Fiji,FJI,2005,131.30427944260862
Fiji,FJI,2006,142.28110102856
Fiji,FJI,2007,165.11583272385553
Fiji,FJI,2008,170.18595730848438
Fiji,FJI,2009,179.41035369789574
Fiji,FJI,2010,181.9788580830322
Fiji,FJI,2011,178.54991114551046
Fiji,FJI,2012,183.2383084003385
Fiji,FJI,2013,120.66626347703107
Finland,FIN,2005,2329.3503177701455
Finland,FIN,2006,1986.3737045773419
Finland,FIN,2007,2639.791640747863
Finland,FIN,2008,2103.82937696088
Finland,FIN,2009,1864.7708791334721
Finland,FIN,2010,2008.8793961290467
Finland,FIN,2011,1706.7450247267586
Finland,FIN,2012,2448.482457802878
Finland,FIN,2013,1388.855756683662
France,FRA,2005,39049.00127015411
France,FRA,2006,36215.11105849618
France,FRA,2007,32482.639386598992
France,FRA,2008,29031.762760887
France,FRA,2009,26503.012632330876
France,FRA,2010,24171.714236792875
France,FRA,2011,23363.77182433053
France,FRA,2012,25091.081856529177
France,FRA,2013,21888.559406761666
French Guiana,GUF,2005,0
French Guiana,GUF,2006,0
French Guiana,GUF,2007,0
French Guiana,GUF,2008,0
French Guiana,GUF,2009,0
French Guiana,GUF,2010,0
French Guiana,GUF,2011,0
French Guiana,GUF,2012,0
French Guiana,GUF,2013,0
French Polynesia,PYF,2005,90.40063278700454
French Polynesia,PYF,2006,169.59002882417627
French Polynesia,PYF,2007,395.53868446307985
French Polynesia,PYF,2008,228.6491392588379
French Polynesia,PYF,2009,97.27309760748655
French Polynesia,PYF,2010,104.20793753810878
French Polynesia,PYF,2011,102.08319577620038
French Polynesia,PYF,2012,93.49245206305127
French Polynesia,PYF,2013,101.02333601311778
Gabon,GAB,2005,569.0582127231996
Gabon,GAB,2006,595.996516206324
Gabon,GAB,2007,619.4469619174351
Gabon,GAB,2008,507.46557565528656
Gabon,GAB,2009,709.4225592087123
Gabon,GAB,2010,465.56586778965084
Gabon,GAB,2011,492.6066203862165
Gabon,GAB,2012,493.12302965654544
Gabon,GAB,2013,476.9570361787587
Gambia,GMB,2005,342.8153365280088
Gambia,GMB,2006,431.9437364362503
Gambia,GMB,2007,326.116532353336
Gambia,GMB,2008,254.6505374309825
Gambia,GMB,2009,690.129265526887
Gambia,GMB,2010,572.5560880555968
Gambia,GMB,2011,773.2159680418773
Gambia,GMB,2012,698.7360257837274
Gambia,GMB,2013,128.90233627073013
Georgia,GEO,2005,519.7614798657706
Georgia,GEO,2006,596.6114763726274
Georgia,GEO,2007,606.9977172461606
Georgia,GEO,2008,603.5908428496654
Georgia,GEO,2009,487.15446599664983
Georgia,GEO,2010,492.31749069983584
Georgia,GEO,2011,703.0249488715591
Georgia,GEO,2012,1157.3287531756164
Georgia,GEO,2013,902.3800168259085
Germany,DEU,2005,46834.52913764328
Germany,DEU,2006,48728.38627927452
Germany,DEU,2007,51240.46001920746
Germany,DEU,2008,45485.67892834225
Germany,DEU,2009,48914.77767460314
Germany,DEU,2010,46622.591615153426
Germany,DEU,2011,42165.76320807876
Germany,DEU,2012,45163.424414635156
Germany,DEU,2013,36883.039541359256
Ghana,GHA,2005,1256.9366398512975
Ghana,GHA,2006,1641.7318023345797
Ghana,GHA,2007,1479.9421954053323
Ghana,GHA,2008,1441.0375123911363
Ghana,GHA,2009,1353.6735957233323
Ghana,GHA,2010,1483.505898231073
Ghana,GHA,2011,1773.829520347539
Ghana,GHA,2012,1666.7771381865605
Ghana,GHA,2013,1721.6030789302931
Greece,GRC,2005,5784.442423236345
Greece,GRC,2006,6346.661807395725
Greece,GRC,2007,6509.398309002201
Greece,GRC,2008,5387.7575903489005
Greece,GRC,2009,6728.903705421539
Greece,GRC,2010,5237.849038267371
Greece,GRC,2011,4902.038650421031
Greece,GRC,2012,6206.695524046101
Greece,GRC,2013,4655.669463512233
Grenada,GRD,2005,81.3853222116429
Grenada,GRD,2006,66.20026893701275
Grenada,GRD,2007,52.47789716801019
Grenada,GRD,2008,48.44228227887753
Grenada,GRD,2009,35.79009993050438
Grenada,GRD,2010,37.337331223136786
Grenada,GRD,2011,52.50633814967662
Grenada,GRD,2012,28.747108918873735
Grenada,GRD,2013,25.609564147762494
Guadeloupe,GLP,2005,0
Guadeloupe,GLP,2006,0
Guadeloupe,GLP,2007,0
Guadeloupe,GLP,2008,0
Guadeloupe,GLP,2009,0
Guadeloupe,GLP,2010,0
Guadeloupe,GLP,2011,0
Guatemala,GTM,2005,1099.6134110882867
Guatemala,GTM,2006,1299.8513197119619
Guatemala,GTM,2007,1543.848025862295
Guatemala,GTM,2008,1273.1274427349226
Guatemala,GTM,2009,1383.4096729704743
Guatemala,GTM,2010,775.568032662226
Guatemala,GTM,2011,1016.6282762527426
Guatemala,GTM,2012,1363.929662423352
Guatemala,GTM,2013,1428.6000395072115
Guinea,GIN,2005,230.58896208652004
Guinea,GIN,2006,183.0851379285814
Guinea,GIN,2007,377.10603397164596
Guinea,GIN,2008,474.05791040116674
Guinea,GIN,2009,376.0998387935251
Guinea,GIN,2010,487.2092499995124
Guinea,GIN,2011,503.136280991228
Guinea,GIN,2012,848.9500976206982
Guinea,GIN,2013,854.253311850618
Guinea-Bissau,GNB,2005,10.921058841249987
Guinea-Bissau,GNB,2006,57.61812782647712
Guinea-Bissau,GNB,2007,105.61102934548467
Guinea-Bissau,GNB,2008,97.25292860932382
Guinea-Bissau,GNB,2009,146.87590163858113
Guinea-Bissau,GNB,2010,105.0388492880088
Guinea-Bissau,GNB,2011,403.0878459891228
Guinea-Bissau,GNB,2012,52.50733591492599
Guinea-Bissau,GNB,2013,78.35227489062527
Guyana,GUY,2005,103.24981483985198
Guyana,GUY,2006,135.3189590356044
Guyana,GUY,2007,75.9505883918431
Guyana,GUY,2008,76.35318684171244
Guyana,GUY,2009,64.2227449103205
Guyana,GUY,2010,113.45280792088994
Guyana,GUY,2011,108.26064659285697
Guyana,GUY,2012,132.49725955102753
Guyana,GUY,2013,112.27168336733826
Haiti,HTI,2005,527.1605065187432
Haiti,HTI,2006,663.4880209552996
Haiti,HTI,2007,519.825633313671
Haiti,HTI,2008,620.6387303606268
Haiti,HTI,2009,784.5037539203145
Haiti,HTI,2010,909.9731851124563
Haiti,HTI,2011,921.475091756527
Haiti,HTI,2012,898.9586066431029
Haiti,HTI,2013,1137.5230707773162
Honduras,HND,2005,1184.0773582359216
Honduras,HND,2006,1111.6648060446387
Honduras,HND,2007,1013.3740353248431
Honduras,HND,2008,934.4638429449551
Honduras,HND,2009,1253.2867539659674
Honduras,HND,2010,586.0031046232652
Honduras,HND,2011,299.31207185942003
Honduras,HND,2012,290.278529679701
Honduras,HND,2013,436.0059370150666
Hong Kong,HKG,2005,7326.754719953096
Hong Kong,HKG,2006,7356.38172764962
Hong Kong,HKG,2007,7420.865801114067
Hong Kong,HKG,2008,8843.909487746852
Hong Kong,HKG,2009,9151.855427945593
Hong Kong,HKG,2010,8996.861122078231
Hong Kong,HKG,2011,8496.685723985258
Hong Kong,HKG,2012,14287.608124586359
Hong Kong,HKG,2013,23265.815466090942
Hungary,HUN,2005,3366.0188419781957
Hungary,HUN,2006,3095.4513624536494
Hungary,HUN,2007,2521.6236244107463
Hungary,HUN,2008,2036.3199642587165
Hungary,HUN,2009,2072.00062035246
Hungary,HUN,2010,1830.3273204089505
Hungary,HUN,2011,2003.314803202266
Hungary,HUN,2012,2053.3237272723572
Hungary,HUN,2013,1472.0886716190312
Iceland,ISL,2005,120.08857458187954
Iceland,ISL,2006,104.4109299419641
Iceland,ISL,2007,103.82484861020873
Iceland,ISL,2008,85.59085898067829
Iceland,ISL,2009,103.82516621973123
Iceland,ISL,2010,72.39375740701864
Iceland,ISL,2011,85.12604342380065
Iceland,ISL,2012,117.48215666964701
Iceland,ISL,2013,73.02351130403136
India,IND,2005,49251.57162011641
India,IND,2006,65086.62419691349
India,IND,2007,85155.5656751942
India,IND,2008,112510.11419028866
India,IND,2009,139572.37409044162
India,IND,2010,82721.9671824724
India,IND,2011,102832.46024490819
India,IND,2012,114051.55649959238
India,IND,2013,110672.93848323898
Indonesia,IDN,2005,8340.913106699532
Indonesia,IDN,2006,8845.148054669087
Indonesia,IDN,2007,9944.459363648552
Indonesia,IDN,2008,8896.169904161768
Indonesia,IDN,2009,11759.53533811844
Indonesia,IDN,2010,12716.978479446552
Indonesia,IDN,2011,17974.815309553233
Indonesia,IDN,2012,20803.53247375507
Indonesia,IDN,2013,19346.969631657295
Iran,IRN,2005,18084.059648379687
Iran,IRN,2006,26818.715552802194
Iran,IRN,2007,25225.042106873054
Iran,IRN,2008,25392.69962848235
Iran,IRN,2009,28707.590430617955
Iran,IRN,2010,33882.60734195356
Iran,IRN,2011,40407.85899911583
Iran,IRN,2012,31546.37801451329
Iran,IRN,2013,25532.63896105187
Iraq,IRQ,2005,1648.4822180249157
Iraq,IRQ,2006,2019.4439069507528
Iraq,IRQ,2007,1290.9775826533769
Iraq,IRQ,2008,1850.0481487633674
Iraq,IRQ,2009,2519.334424810975
Iraq,IRQ,2010,2998.219616798271
Iraq,IRQ,2011,3433.578647111873
Iraq,IRQ,2012,3944.166198838827
Iraq,IRQ,2013,3053.059182548648
Ireland,IRL,2005,3986.1043727301844
Ireland,IRL,2006,2869.8112971105716
Ireland,IRL,2007,2604.2952966184175
Ireland,IRL,2008,2351.8112222731575
Ireland,IRL,2009,3112.9520876426736
Ireland,IRL,2010,2582.092755624208
Ireland,IRL,2011,2317.719287560612
Ireland,IRL,2012,2855.634416390359
Ireland,IRL,2013,2188.5106964790853
Israel,ISR,2005,9874.512217284013
Israel,ISR,2006,10736.020332144855
Israel,ISR,2007,9987.610586009938
Israel,ISR,2008,9989.091025444397
Israel,ISR,2009,10421.687937902372
Israel,ISR,2010,9282.520997291054
Israel,ISR,2011,10066.540754986849
Israel,ISR,2012,9770.133805151714
Israel,ISR,2013,5785.6700720236395
Italy,ITA,2005,45018.11021268423
Italy,ITA,2006,45730.57403248004
Italy,ITA,2007,40820.52103643983
Italy,ITA,2008,35206.44520784906
Italy,ITA,2009,46770.17826319743
Italy,ITA,2010,42982.10574082276
Italy,ITA,2011,38614.41387501616
Italy,ITA,2012,38541.74862201703
Italy,ITA,2013,35308.85482446055
Jamaica,JAM,2005,1124.9646883958326
Jamaica,JAM,2006,809.0351320795564
Jamaica,JAM,2007,748.1672158360363
Jamaica,JAM,2008,822.5308629943088
Jamaica,JAM,2009,616.3154794387575
Jamaica,JAM,2010,1037.232483484217
Jamaica,JAM,2011,1053.664810222505
Jamaica,JAM,2012,1152.0594243626845
Jamaica,JAM,2013,923.8362094222754
Japan,JPN,2005,64667.68015369126
Japan,JPN,2006,64499.30537419593
Japan,JPN,2007,56445.003928947786
Japan,JPN,2008,49869.47931814752
Japan,JPN,2009,51383.37900672236
Japan,JPN,2010,62806.774465052025
Japan,JPN,2011,65908.87026970935
Japan,JPN,2012,62941.235176041446
Japan,JPN,2013,77276.91225898867
Jordan,JOR,2005,3795.6671054123217
Jordan,JOR,2006,4040.7715133522215
Jordan,JOR,2007,2776.9535469405037
Jordan,JOR,2008,3861.8224393248233
Jordan,JOR,2009,3737.6593184757635
Jordan,JOR,2010,3337.2770286053883
Jordan,JOR,2011,3201.9716371879845
Jordan,JOR,2012,4411.706135535276
Jordan,JOR,2013,4781.045366235652
Kazakhstan,KAZ,2005,1035.6471883989514
Kazakhstan,KAZ,2006,1507.6683007163717
Kazakhstan,KAZ,2007,1828.354754866818
Kazakhstan,KAZ,2008,1747.3159507584662
Kazakhstan,KAZ,2009,864.3524864668508
Kazakhstan,KAZ,2010,376.07255736932086
Kazakhstan,KAZ,2011,1018.5030316858841
Kazakhstan,KAZ,2012,1298.0190770769252
Kazakhstan,KAZ,2013,1315.3760809252265
Kenya,KEN,2005,3733.556335799849
Kenya,KEN,2006,5289.824215701463
Kenya,KEN,2007,7786.323188070435
Kenya,KEN,2008,6960.025017692635
Kenya,KEN,2009,8514.666376708148
Kenya,KEN,2010,8823.526587218807
Kenya,KEN,2011,7557.03090836322
Kenya,KEN,2012,8883.127581251665
Kenya,KEN,2013,8065.293417026216
Kiribati,KIR,2005,25.687200503625437
Kiribati,KIR,2006,14.300212897732907
Kiribati,KIR,2007,283.54882129744834
Kiribati,KIR,2008,242.54594673845182
Kiribati,KIR,2009,15.493023727170117
Kiribati,KIR,2010,11.76166522256976
Kiribati,KIR,2011,38.19665022466304
Kiribati,KIR,2012,84.99450240063754
Kiribati,KIR,2013,86.50937946491732
Kuwait,KWT,2005,2423.525479832358
Kuwait,KWT,2006,2458.4083281649923
Kuwait,KWT,2007,2165.2064023231524
Kuwait,KWT,2008,2226.5769273361093
Kuwait,KWT,2009,2136.0937626441137
Kuwait,KWT,2010,1933.6250472832933
Kuwait,KWT,2011,2488.790845517229
Kuwait,KWT,2012,2544.315307503133
Kuwait,KWT,2013,2620.600627473326
Kyrgyzstan,KGZ,2005,64.98106716055105
Kyrgyzstan,KGZ,2006,109.17904858770355
Kyrgyzstan,KGZ,2007,112.52766786436527
Kyrgyzstan,KGZ,2008,121.77614952689478
Kyrgyzstan,KGZ,2009,88.05771791823477
Kyrgyzstan,KGZ,2010,121.56298727879884
Kyrgyzstan,KGZ,2011,132.07105498221364
Kyrgyzstan,KGZ,2012,127.2184418001923
Kyrgyzstan,KGZ,2013,150.49723139701496
Laos,LAO,2005,62.26367399432638
Laos,LAO,2006,68.22703393875418
Laos,LAO,2007,76.92797609187255
Laos,LAO,2008,92.89369397498376
Laos,LAO,2009,136.59118057870364
Laos,LAO,2010,180.5656481913611
Laos,LAO,2011,412.49952807793306
Laos,LAO,2012,548.9698970164973
Laos,LAO,2013,461.3954985727396
Latvia,LVA,2005,595.6968524880066
Latvia,LVA,2006,576.6807428550169
Latvia,LVA,2007,474.2233896819088
Latvia,LVA,2008,414.6201133098353
Latvia,LVA,2009,332.14774246661716
Latvia,LVA,2010,362.17742541797327
Latvia,LVA,2011,394.48539305986463
Latvia,LVA,2012,663.3958601963304
Latvia,LVA,2013,637.8983806665387
Lebanon,LBN,2005,5334.729023296018
Lebanon,LBN,2006,4671.570556165876
Lebanon,LBN,2007,4060.115122149596
Lebanon,LBN,2008,3539.1187513501313
Lebanon,LBN,2009,5127.202245820508
Lebanon,LBN,2010,4241.04209930187
Lebanon,LBN,2011,5463.012538252133
Lebanon,LBN,2012,4043.853995674818
Lebanon,LBN,2013,3394.6280039452863
Lesotho,LSO,2005,50.71085110784618
Lesotho,LSO,2006,117.10254609916429
Lesotho,LSO,2007,27.86951694180548
Lesotho,LSO,2008,13.924777966245983
Lesotho,LSO,2009,53.335722733219086
Lesotho,LSO,2010,7.692120525797531
Lesotho,LSO,2011,60.647933531415745
Lesotho,LSO,2012,863.5282484791442
Lesotho,LSO,2013,778.9020587123919
Liberia,LBR,2005,172.84502988010036
Liberia,LBR,2006,294.25754659674567
Liberia,LBR,2007,418.04459323645005
Liberia,LBR,2008,163.71121593648422
Liberia,LBR,2009,302.38282313492164
Liberia,LBR,2010,486.24795374258247
Liberia,LBR,2011,342.9974626452604
Liberia,LBR,2012,511.3508045026865
Liberia,LBR,2013,333.28284798379264
Libya,LBY,2005,3414.5723415991624
Libya,LBY,2006,3977.5405538053415
Libya,LBY,2007,3358.905423735463
Libya,LBY,2008,4438.657790392743
Libya,LBY,2009,3882.006664207873
Libya,LBY,2010,4117.303354086401
Libya,LBY,2011,1897.710565431277
Libya,LBY,2012,4650.489586857109
Libya,LBY,2013,3412.852812890197
Lithuania,LTU,2005,942.9440526544425
Lithuania,LTU,2006,1010.2970385915687
Lithuania,LTU,2007,800.4167414613618
Lithuania,LTU,2008,775.8796465453514
Lithuania,LTU,2009,1208.2969542603007
Lithuania,LTU,2010,747.6977884867855
Lithuania,LTU,2011,1079.4463957684882
Lithuania,LTU,2012,753.3194082959799
Lithuania,LTU,2013,538.7452288102243
Luxembourg,LUX,2005,643.8807466644307
Luxembourg,LUX,2006,768.2171885585115
Luxembourg,LUX,2007,657.2831480373206
Luxembourg,LUX,2008,346.86324700837207
Luxembourg,LUX,2009,295.7366438325229
Luxembourg,LUX,2010,323.03341102795827
Luxembourg,LUX,2011,419.07662666675816
Luxembourg,LUX,2012,662.6711529147527
Luxembourg,LUX,2013,490.45660068897894
Macao,MAC,2005,428.98616484942977
Macao,MAC,2006,377.2670472633183
Macao,MAC,2007,334.7090002211429
Macao,MAC,2008,393.1506785034886
Macao,MAC,2009,442.28063277251044
Macao,MAC,2010,365.1283409091078
Macao,MAC,2011,443.74651363679635
Macao,MAC,2012,624.1416911919019
Macao,MAC,2013,398.38200306227276
Madagascar,MDG,2005,772.7111895302514
Madagascar,MDG,2006,396.0458265000998
Madagascar,MDG,2007,263.62768766352383
Madagascar,MDG,2008,579.4718330781106
Madagascar,MDG,2009,645.6042162857339
Madagascar,MDG,2010,526.0815368834155
Madagascar,MDG,2011,654.5720877786371
Madagascar,MDG,2012,621.2814636408038
Madagascar,MDG,2013,4081.362691226146
Malawi,MWI,2005,235.8487320300228
Malawi,MWI,2006,246.16797049946945
Malawi,MWI,2007,219.1745044619738
Malawi,MWI,2008,1215.8653145601693
Malawi,MWI,2009,704.6060115862456
Malawi,MWI,2010,715.8641330507799
Malawi,MWI,2011,800.1465774620992
Malawi,MWI,2012,626.0142508146037
Malawi,MWI,2013,1002.6810321340299
Malaysia,MYS,2005,12806.62525586439
Malaysia,MYS,2006,13375.41583693622
Malaysia,MYS,2007,14733.906987461327
Malaysia,MYS,2008,16760.498893110635
Malaysia,MYS,2009,19161.379406022686
Malaysia,MYS,2010,18790.436732955684
Malaysia,MYS,2011,23055.127951251736
Malaysia,MYS,2012,26156.77859492322
Malaysia,MYS,2013,20126.787833958144
Maldives,MDV,2005,123.48607826965338
Maldives,MDV,2006,241.53813802853273
Maldives,MDV,2007,172.95339857950367
Maldives,MDV,2008,196.84469252461895
Maldives,MDV,2009,103.57983531416836
Maldives,MDV,2010,136.2243544523108
Maldives,MDV,2011,210.97525335379234
Maldives,MDV,2012,198.20768024183218
Maldives,MDV,2013,263.1966819588783
Mali,MLI,2005,351.6363293824236
Mali,MLI,2006,414.5272320861332
Mali,MLI,2007,744.9929878019386
Mali,MLI,2008,678.0814663590704
Mali,MLI,2009,286.2521827631245
Mali,MLI,2010,522.8957259892443
Mali,MLI,2011,322.58743752315695
Mali,MLI,2012,443.6634149938866
Mali,MLI,2013,115.07127147724987
Malta,MLT,2005,565.3777260567977
Malta,MLT,2006,453.4280545638548
Malta,MLT,2007,401.36433643567574
Malta,MLT,2008,332.0002271030993
Malta,MLT,2009,294.3589108308479
Malta,MLT,2010,232.22871366327536
Malta,MLT,2011,277.3210744076316
Malta,MLT,2012,357.2434872659883
Malta,MLT,2013,289.85787667924325
Martinique,MTQ,2005,0
Martinique,MTQ,2006,0
Martinique,MTQ,2007,0
Martinique,MTQ,2008,0
Martinique,MTQ,2009,0
Martinique,MTQ,2010,0
Martinique,MTQ,2011,0
Martinique,MTQ,2012,0
Mauritania,MRT,2005,412.00795932248536
Mauritania,MRT,2006,354.62943170201265
Mauritania,MRT,2007,383.4559471091613
Mauritania,MRT,2008,516.031547360912
Mauritania,MRT,2009,794.7651233764385
Mauritania,MRT,2010,599.3584364189095
Mauritania,MRT,2011,1033.8380854502345
Mauritania,MRT,2012,1779.0786048642583
Mauritania,MRT,2013,916.9827376817708
Mauritius,MUS,2005,968.8138007036789
Mauritius,MUS,2006,1404.362552391788
Mauritius,MUS,2007,985.6067960697914
Mauritius,MUS,2008,1041.8684641913783
Mauritius,MUS,2009,1141.751023093199
Mauritius,MUS,2010,1163.572931987353
Mauritius,MUS,2011,1510.7417101891886
Mauritius,MUS,2012,1069.6637321575777
Mauritius,MUS,2013,896.3795934707275
Mexico,MEX,2005,6242.161288095056
Mexico,MEX,2006,6583.260121713945
Mexico,MEX,2007,6413.659592368138
Mexico,MEX,2008,5929.944994889644
Mexico,MEX,2009,5983.648861255744
Mexico,MEX,2010,6970.108324257308
Mexico,MEX,2011,7616.517509286787
Mexico,MEX,2012,11052.286547192954
Mexico,MEX,2013,13110.680506464996
Moldova,MDA,2005,646.6952796604527
Moldova,MDA,2006,607.2323356011673
Moldova,MDA,2007,178.00955198215985
Moldova,MDA,2008,364.50319735294266
Moldova,MDA,2009,147.2683913295758
Moldova,MDA,2010,112.12779409275869
Moldova,MDA,2011,106.08652958000411
Moldova,MDA,2012,108.97779885591686
Moldova,MDA,2013,118.96304414612884
Mongolia,MNG,2005,76.5506284738514
Mongolia,MNG,2006,77.88629574658017
Mongolia,MNG,2007,178.2860699959157
Mongolia,MNG,2008,62.99612367911949
Mongolia,MNG,2009,61.98738894096207
Mongolia,MNG,2010,139.88717031407367
Mongolia,MNG,2011,99.15021193694442
Mongolia,MNG,2012,123.71529071924682
Mongolia,MNG,2013,110.26976973657482
Montenegro,MNE,2006,100.20570106773037
Montenegro,MNE,2007,78.82105599032798
Montenegro,MNE,2008,104.22870508586259
Montenegro,MNE,2009,110.29524923113314
Montenegro,MNE,2010,96.42959816676482
Montenegro,MNE,2011,94.59949033542527
Montenegro,MNE,2012,142.5770787225437
Montenegro,MNE,2013,114.94978946436251
Morocco,MAR,2005,6665.0975788948535
Morocco,MAR,2006,4909.94766241779
Morocco,MAR,2007,3710.9052539644663
Morocco,MAR,2008,4498.695093566739
Morocco,MAR,2009,6479.0838536591855
Morocco,MAR,2010,5711.360732495611
Morocco,MAR,2011,7027.274117268384
Morocco,MAR,2012,10070.140858560895
Morocco,MAR,2013,6374.606147035536
Mozambique,MOZ,2005,840.7467490514682
Mozambique,MOZ,2006,822.0378311424138
Mozambique,MOZ,2007,745.6315027693636
Mozambique,MOZ,2008,875.0144238026696
Mozambique,MOZ,2009,950.310095941415
Mozambique,MOZ,2010,907.5176065438427
Mozambique,MOZ,2011,1931.1128161137894
Mozambique,MOZ,2012,2641.060452183039
Mozambique,MOZ,2013,1837.2421823820623
Myanmar,MMR,2005,1293.8339755459892
Myanmar,MMR,2006,2954.3407824815076
Myanmar,MMR,2007,4708.896858777589
Myanmar,MMR,2008,3091.9645613271423
Myanmar,MMR,2009,2986.1860546318057
Myanmar,MMR,2010,3909.338659933288
Myanmar,MMR,2011,4001.796029035031
Myanmar,MMR,2012,4207.220496350841
Myanmar,MMR,2013,5525.847454734227
Namibia,NAM,2005,819.3916118255081
Namibia,NAM,2006,1037.1459455046509
Namibia,NAM,2007,3316.6409503292384
Namibia,NAM,2008,3351.4179781323974
Namibia,NAM,2009,240.54916230186825
Namibia,NAM,2010,720.9174541116386
Namibia,NAM,2011,593.0714552485185
Namibia,NAM,2012,1224.2224830430787
Namibia,NAM,2013,1480.152373971288
Nepal,NPL,2005,38.82520636430081
Nepal,NPL,2006,86.96426127094992
Nepal,NPL,2007,66.2924133925253
Nepal,NPL,2008,77.56158222521208
Nepal,NPL,2009,1365.8525424170339
Nepal,NPL,2010,2182.637840915517
Nepal,NPL,2011,1457.4920417467706
Nepal,NPL,2012,1167.4979818097775
Nepal,NPL,2013,2087.902481858514
Netherlands,NLD,2005,34399.1267707507
Netherlands,NLD,2006,27222.14733409758
Netherlands,NLD,2007,19295.688751286598
Netherlands,NLD,2008,21954.88259337937
Netherlands,NLD,2009,26094.20068478459
Netherlands,NLD,2010,18855.757883789054
Netherlands,NLD,2011,18540.445040062546
Netherlands,NLD,2012,25951.385562038056
Netherlands,NLD,2013,22079.52726185107
New Caledonia,NCL,2005,70.41807207157085
New Caledonia,NCL,2006,78.97374952428805
New Caledonia,NCL,2007,78.93179315713486
New Caledonia,NCL,2008,63.15921073949019
New Caledonia,NCL,2009,64.10494214460958
New Caledonia,NCL,2010,90.97541003101557
New Caledonia,NCL,2011,84.58445550268733
New Caledonia,NCL,2012,87.79401490830975
New Caledonia,NCL,2013,92.38793142911541
New Zealand,NZL,2005,1522.231727728143
New Zealand,NZL,2006,1391.0570684518045
New Zealand,NZL,2007,2527.442264686093
New Zealand,NZL,2008,4917.407068188195
New Zealand,NZL,2009,3080.6332475520944
New Zealand,NZL,2010,5068.468942200367
New Zealand,NZL,2011,3361.04898203925
New Zealand,NZL,2012,3659.0372388046126
New Zealand,NZL,2013,3791.294155088425
Nicaragua,NIC,2005,205.6439174731695
Nicaragua,NIC,2006,112.81580129183385
Nicaragua,NIC,2007,173.21828897831074
Nicaragua,NIC,2008,271.825018866366
Nicaragua,NIC,2009,297.9734737697436
Nicaragua,NIC,2010,327.9018638291491
Nicaragua,NIC,2011,339.03422129714454
Nicaragua,NIC,2012,547.5217494556127
Nicaragua,NIC,2013,502.2325200813975
Niger,NER,2005,744.7110611360513
Niger,NER,2006,609.3082993205235
Niger,NER,2007,420.154366853777
Niger,NER,2008,508.5683869807578
Niger,NER,2009,148.6520838148341
Niger,NER,2010,492.0490275521308
Niger,NER,2011,510.14624733074606
Niger,NER,2012,514.2217919557283
Niger,NER,2013,454.2647042033763
Nigeria,NGA,2005,1612.349816212798
Nigeria,NGA,2006,3451.904246062484
Nigeria,NGA,2007,2463.463270603792
Nigeria,NGA,2008,1435.3151187200601
Nigeria,NGA,2009,4445.952718461573
Nigeria,NGA,2010,5476.458866373818
Nigeria,NGA,2011,7679.9927454009885
Nigeria,NGA,2012,5599.040562879905
Nigeria,NGA,2013,5594.928523928858
North Korea,PRK,2005,691.3024291511869
North Korea,PRK,2006,667.5192132155695
North Korea,PRK,2007,507.3824044226811
North Korea,PRK,2008,300.737274275116
North Korea,PRK,2009,327.52069963028856
North Korea,PRK,2010,155.57165483282674
North Korea,PRK,2011,209.01816393326754
North Korea,PRK,2012,346.6494216235851
North Korea,PRK,2013,616.4014084041523
Norway,NOR,2005,3268.991711278033
Norway,NOR,2006,2860.1125861814926
Norway,NOR,2007,2518.972795886481
Norway,NOR,2008,2690.9061635574094
Norway,NOR,2009,1940.2641415869296
Norway,NOR,2010,1531.4913613680926
Norway,NOR,2011,1553.747570977389
Norway,NOR,2012,1419.10647990637
Norway,NOR,2013,1239.8091049767368
Oman,OMN,2005,838.8008980185939
Oman,OMN,2006,1659.6581925775267
Oman,OMN,2007,1097.0807720114046
Oman,OMN,2008,1124.5143297974016
Oman,OMN,2009,1380.7244446952848
Oman,OMN,2010,2389.7203280141175
Oman,OMN,2011,2306.374974366391
Oman,OMN,2012,3150.163979116077
Oman,OMN,2013,3190.9810863575944
Pakistan,PAK,2005,12292.155807280476
Pakistan,PAK,2006,15843.920187419284
Pakistan,PAK,2007,17177.58905862087
Pakistan,PAK,2008,18930.528541425327
Pakistan,PAK,2009,15921.717344924487
Pakistan,PAK,2010,14125.582319357703
Pakistan,PAK,2011,16137.734798636717
Pakistan,PAK,2012,18868.018642351053
Pakistan,PAK,2013,17862.728179329097
Palestine,PSE,2005,655.4938960201562
Palestine,PSE,2006,217.69486554728508
Palestine,PSE,2007,158.4401160851661
Palestine,PSE,2008,75.96589069129281
Palestine,PSE,2009,96.52091442478736
Palestine,PSE,2010,38.76422836645286
Palestine,PSE,2011,37.852437179094615
Palestine,PSE,2012,35.47985838048222
Palestine,PSE,2013,37.8503062719125
Panama,PAN,2005,256.10270156161323
Panama,PAN,2006,332.42313790729577
Panama,PAN,2007,316.9519588697731
Panama,PAN,2008,443.28003567140513
Panama,PAN,2009,491.95210303104614
Panama,PAN,2010,391.2056585815435
Panama,PAN,2011,740.5765255717934
Panama,PAN,2012,1198.7318904532995
Panama,PAN,2013,1157.589268378003
Papua New Guinea,PNG,2005,51.20052464698165
Papua New Guinea,PNG,2006,54.109641821851255
Papua New Guinea,PNG,2007,60.46330555548411
Papua New Guinea,PNG,2008,63.67868383707537
Papua New Guinea,PNG,2009,88.7587863977169
Papua New Guinea,PNG,2010,270.1399039708067
Papua New Guinea,PNG,2011,151.11352274828096
Papua New Guinea,PNG,2012,139.095658694132
Papua New Guinea,PNG,2013,194.8258688172955
Paraguay,PRY,2005,187.08142722476623
Paraguay,PRY,2006,370.2527118136204
Paraguay,PRY,2007,304.93849112403404
Paraguay,PRY,2008,566.9090761382686
Paraguay,PRY,2009,243.49539847253618
Paraguay,PRY,2010,414.2586334578082
Paraguay,PRY,2011,524.0539668658457
Paraguay,PRY,2012,389.4782797664011
Paraguay,PRY,2013,421.2688984739507
Peru,PER,2005,6737.536650564027
Peru,PER,2006,9252.235868794582
Peru,PER,2007,10011.091916232137
Peru,PER,2008,12733.842188113544
Peru,PER,2009,14671.038101344428
Peru,PER,2010,10783.80855386809
Peru,PER,2011,13616.575264146828
Peru,PER,2012,18049.378654308617
Peru,PER,2013,12014.283208093664
Philippines,PHL,2005,9701.6912057941
Philippines,PHL,2006,10569.863210088843
Philippines,PHL,2007,9924.506843780473
Philippines,PHL,2008,8136.919843634911
Philippines,PHL,2009,9770.106043630287
Philippines,PHL,2010,8868.81143981636
Philippines,PHL,2011,7723.015823673559
Philippines,PHL,2012,7220.15643917548
Philippines,PHL,2013,7833.7698285172155
Poland,POL,2005,10473.067743287442
Poland,POL,2006,10553.955688994954
Poland,POL,2007,9174.903133414495
Poland,POL,2008,9128.992354249282
Poland,POL,2009,11253.247523804423
Poland,POL,2010,9090.22641790321
Poland,POL,2011,10269.117145891114
Poland,POL,2012,12131.009822286085
Poland,POL,2013,10793.920392531565
Portugal,PRT,2005,8771.048950545992
Portugal,PRT,2006,9408.84879010301
Portugal,PRT,2007,10518.145039444109
Portugal,PRT,2008,8182.206517149927
Portugal,PRT,2009,7605.952961987619
Portugal,PRT,2010,10232.338784194004
Portugal,PRT,2011,9988.893489763293
Portugal,PRT,2012,9423.65535922721
Portugal,PRT,2013,8446.198453536177
Qatar,QAT,2005,765.4138082428838
Qatar,QAT,2006,978.4128924120375
Qatar,QAT,2007,886.392831137401
Qatar,QAT,2008,1361.3834266334948
Qatar,QAT,2009,519.0165411232157
Qatar,QAT,2010,1143.6177514569574
Qatar,QAT,2011,538.2403215298256
Qatar,QAT,2012,675.0361164465363
Qatar,QAT,2013,1050.6724428855766
Reunion,REU,2005,0
Reunion,REU,2006,0
Reunion,REU,2007,0
Reunion,REU,2008,0
Reunion,REU,2009,0
Reunion,REU,2010,0
Reunion,REU,2011,0
Reunion,REU,2012,0
Reunion,REU,2013,0
Romania,ROU,2005,5864.771515867288
Romania,ROU,2006,8030.101299564429
Romania,ROU,2007,2823.99081983484
Romania,ROU,2008,2975.8665675093075
Romania,ROU,2009,2937.429052139809
Romania,ROU,2010,2757.092807509313
Romania,ROU,2011,2893.0275004912883
Romania,ROU,2012,2873.4450295665442
Romania,ROU,2013,2909.674530287548
Russia,RUS,2005,97383.82675177777
Russia,RUS,2006,95360.07720625716
Russia,RUS,2007,116063.99100206063
Russia,RUS,2008,115364.81464070913
Russia,RUS,2009,87873.89516093403
Russia,RUS,2010,78568.29697270789
Russia,RUS,2011,67437.70583557265
Russia,RUS,2012,76372.97601748325
Russia,RUS,2013,72298.53333603268
Rwanda,RWA,2005,186.60179471260972
Rwanda,RWA,2006,320.546497691161
Rwanda,RWA,2007,438.2924932817275
Rwanda,RWA,2008,452.79572085323593
Rwanda,RWA,2009,1079.3726590058332
Rwanda,RWA,2010,936.3038201375982
Rwanda,RWA,2011,1052.6227896089783
Rwanda,RWA,2012,1032.0494306443563
Rwanda,RWA,2013,542.3398457043511
Saint Lucia,LCA,2005,76.03458322110586
Saint Lucia,LCA,2006,54.166571395915156
Saint Lucia,LCA,2007,35.89286102070909
Saint Lucia,LCA,2008,26.61457760495422
Saint Lucia,LCA,2009,33.47422688274426
Saint Lucia,LCA,2010,39.06680954453231
Saint Lucia,LCA,2011,23.59999906957368
Saint Lucia,LCA,2012,29.583642541712777
Saint Lucia,LCA,2013,26.77525583957916
Saint Vincent and the Grenadines,VCT,2005,0.907584123815621
Saint Vincent and the Grenadines,VCT,2006,2.8570137259469113
Saint Vincent and the Grenadines,VCT,2007,2.7050457659005818
Saint Vincent and the Grenadines,VCT,2008,7.6512385731400645
Saint Vincent and the Grenadines,VCT,2009,2.66802575574561
Saint Vincent and the Grenadines,VCT,2010,5.317850337715159
Saint Vincent and the Grenadines,VCT,2011,0.9841174460796869
Saint Vincent and the Grenadines,VCT,2012,0.822893512682775
Saint Vincent and the Grenadines,VCT,2013,0.7390188648998898
Samoa,WSM,2005,31.15932347836361
Samoa,WSM,2006,44.46708115081008
Samoa,WSM,2007,55.501766170018
Samoa,WSM,2008,66.01252079451947
Samoa,WSM,2009,64.35313347070249
Samoa,WSM,2010,68.98973004540834
Samoa,WSM,2011,48.97216627558592
Samoa,WSM,2012,134.0550621947686
Samoa,WSM,2013,82.22559313062003
Sao Tome and Principe,STP,2005,0.0624794914820983
Sao Tome and Principe,STP,2006,0.25545638582088
Sao Tome and Principe,STP,2007,0.39038027412325993
Sao Tome and Principe,STP,2008,2.82835816880784
Sao Tome and Principe,STP,2009,0.26112144529785003
Sao Tome and Principe,STP,2010,0.3042035239696799
Sao Tome and Principe,STP,2011,0.29676184768732
Sao Tome and Principe,STP,2012,0.42681927309582307
Sao Tome and Principe,STP,2013,0.48154830567551804
Saudi Arabia,SAU,2005,15754.187671831174
Saudi Arabia,SAU,2006,17243.53194674547
Saudi Arabia,SAU,2007,16386.579669160827
Saudi Arabia,SAU,2008,14349.520722371171
Saudi Arabia,SAU,2009,16793.645014751222
Saudi Arabia,SAU,2010,17973.12028605069
Saudi Arabia,SAU,2011,20077.278729711263
Saudi Arabia,SAU,2012,28389.527422581887
Saudi Arabia,SAU,2013,24167.08305661236
Senegal,SEN,2005,2254.8746824581494
Senegal,SEN,2006,2192.622955408402
Senegal,SEN,2007,2002.5697963339528
Senegal,SEN,2008,2050.255201048099
Senegal,SEN,2009,2102.5691917495615
Senegal,SEN,2010,1724.4857211201506
Senegal,SEN,2011,1745.1029522916813
Senegal,SEN,2012,2001.624823440071
Senegal,SEN,2013,1231.2280699444611
Serbia,SRB,2006,1272.7979746681526
Serbia,SRB,2007,612.9686267899725
Serbia,SRB,2008,647.755813502612
Serbia,SRB,2009,637.3385222326608
Serbia,SRB,2010,550.2938760792364
Serbia,SRB,2011,560.6263213217773
Serbia,SRB,2012,757.2033699628038
Serbia,SRB,2013,844.1549307887664
Seychelles,SYC,2005,43.27100701397254
Seychelles,SYC,2006,72.16551869984474
Seychelles,SYC,2007,210.29806723926063
Seychelles,SYC,2008,108.21181117139929
Seychelles,SYC,2009,83.910254446642
Seychelles,SYC,2010,65.0767821396496
Seychelles,SYC,2011,65.78694195480448
Seychelles,SYC,2012,39.51799910798534
Seychelles,SYC,2013,62.16737284132216
Sierra Leone,SLE,2005,84.24272123355149
Sierra Leone,SLE,2006,112.24847952872187
Sierra Leone,SLE,2007,73.96422693955128
Sierra Leone,SLE,2008,155.1992158023977
Sierra Leone,SLE,2009,128.27085181352595
Sierra Leone,SLE,2010,161.07042095689576
Sierra Leone,SLE,2011,207.99827044016638
Sierra Leone,SLE,2012,294.3706801742519
Sierra Leone,SLE,2013,387.5033002908749
Singapore,SGP,2005,5581.153781832036
Singapore,SGP,2006,6103.890654562259
Singapore,SGP,2007,5365.824190670586
Singapore,SGP,2008,5185.671380147587
Singapore,SGP,2009,5650.174364401574
Singapore,SGP,2010,5771.909017567559
Singapore,SGP,2011,13062.604094465652
Singapore,SGP,2012,17529.755175619586
Singapore,SGP,2013,11014.731547311496
Slovakia,SVK,2005,2291.17811960605
Slovakia,SVK,2006,1351.4797889877261
Slovakia,SVK,2007,1984.6941956718383
Slovakia,SVK,2008,1528.4696365991597
Slovakia,SVK,2009,1421.8262336885941
Slovakia,SVK,2010,1702.1320784112897
Slovakia,SVK,2011,1197.9988528765632
Slovakia,SVK,2012,2558.400829977143
Slovakia,SVK,2013,2321.7826461544387
Slovenia,SVN,2005,1437.0588185702497
Slovenia,SVN,2006,2667.6966904522674
Slovenia,SVN,2007,1878.4843639412907
Slovenia,SVN,2008,1907.497467180308
Slovenia,SVN,2009,2119.631737643546
Slovenia,SVN,2010,1774.6737359630658
Slovenia,SVN,2011,1974.6957093663495
Slovenia,SVN,2012,2369.077774936288
Slovenia,SVN,2013,1254.4844847660727
Solomon Islands,SLB,2005,0.714697337117022
Solomon Islands,SLB,2006,0.42600320660263014
Solomon Islands,SLB,2007,1.1668573835501899
Solomon Islands,SLB,2008,0.5566629162432202
Solomon Islands,SLB,2009,0.8551389073082502
Solomon Islands,SLB,2010,0
Solomon Islands,SLB,2011,0.057084507110950006
Solomon Islands,SLB,2012,0
Solomon Islands,SLB,2013,0
Somalia,SOM,2005,527.6729676748419
Somalia,SOM,2006,267.83330793975455
Somalia,SOM,2007,277.10917599506536
Somalia,SOM,2008,461.6411178756189
Somalia,SOM,2009,552.9282895896338
Somalia,SOM,2010,517.8290455005981
Somalia,SOM,2011,287.93380360567465
Somalia,SOM,2012,300.0656591551174
Somalia,SOM,2013,499.96379912107307
South Africa,ZAF,2005,13989.538391516639
South Africa,ZAF,2006,15228.336744383509
South Africa,ZAF,2007,21838.303756680973
South Africa,ZAF,2008,12843.641752700038
South Africa,ZAF,2009,15472.44851705421
South Africa,ZAF,2010,15437.207163947976
South Africa,ZAF,2011,15955.918385531786
South Africa,ZAF,2012,20441.53617937932
South Africa,ZAF,2013,16637.50874836147
South Korea,KOR,2005,25909.183367844875
South Korea,KOR,2006,24398.53753162641
South Korea,KOR,2007,23710.311410790764
South Korea,KOR,2008,20995.024385057175
South Korea,KOR,2009,23397.470675357832
South Korea,KOR,2010,26943.643560197484
South Korea,KOR,2011,29543.746339711557
South Korea,KOR,2012,37902.58039969637
South Korea,KOR,2013,40224.71328877312
Spain,ESP,2005,35926.739656848236
Spain,ESP,2006,36323.49563904252
Spain,ESP,2007,36464.25311413256
Spain,ESP,2008,30284.0536606151
Spain,ESP,2009,31488.647259952035
Spain,ESP,2010,29575.32033767503
Spain,ESP,2011,27031.191073807422
Spain,ESP,2012,28904.02911850319
Spain,ESP,2013,27695.32178247189
Sri Lanka,LKA,2005,2222.1348979780455
Sri Lanka,LKA,2006,6835.281433958982
Sri Lanka,LKA,2007,4558.871377499246
Sri Lanka,LKA,2008,2002.221960214465
Sri Lanka,LKA,2009,1883.3905759403651
Sri Lanka,LKA,2010,1992.6565906644064
Sri Lanka,LKA,2011,2663.1512596457815
Sri Lanka,LKA,2012,1764.8293539940041
Sri Lanka,LKA,2013,2090.320310089888
Sudan,SDN,2005,815.4210894311841
Sudan,SDN,2006,1058.1189628258653
Sudan,SDN,2007,1533.014398861234
Sudan,SDN,2008,1086.2299154118718
Sudan,SDN,2009,1526.4914399047586
Sudan,SDN,2010,1913.3867047466151
Sudan,SDN,2011,1430.3378917594048
Suriname,SUR,2005,115.9864803123081
Suriname,SUR,2006,123.02830852182177
Suriname,SUR,2007,107.14949131459866
Suriname,SUR,2008,69.81697337672176
Suriname,SUR,2009,112.58404763307362
Suriname,SUR,2010,82.41041321013608
Suriname,SUR,2011,71.13701957028525
Suriname,SUR,2012,131.9530443001322
Suriname,SUR,2013,97.23755432801954
Sweden,SWE,2005,5871.349949343651
Sweden,SWE,2006,5429.303315089049
Sweden,SWE,2007,5164.920931122998
Sweden,SWE,2008,4628.141014982086
Sweden,SWE,2009,4852.419807211831
Sweden,SWE,2010,4140.612411936698
Sweden,SWE,2011,4393.097604557913
Sweden,SWE,2012,4314.559855741674
Sweden,SWE,2013,3733.7887135173646
Switzerland,CHE,2005,3935.2771572960573
Switzerland,CHE,2006,4696.528989983445
Switzerland,CHE,2007,3417.249623294634
Switzerland,CHE,2008,4010.339334630877
Switzerland,CHE,2009,5320.452373303505
Switzerland,CHE,2010,3037.340933166646
Switzerland,CHE,2011,3605.7770671625312
Switzerland,CHE,2012,3376.092229372378
Switzerland,CHE,2013,4301.1327566387345
Syria,SYR,2005,3215.1567719663094
Syria,SYR,2006,2156.0000727326637
Syria,SYR,2007,2518.1124255892
Syria,SYR,2008,2461.9563571488607
Syria,SYR,2009,5528.15121054667
Syria,SYR,2010,3575.1188451965145
Syria,SYR,2011,4126.714208215374
Syria,SYR,2012,2143.80827338939
Syria,SYR,2013,1143.4832777711565
Taiwan,TWN,2005,7238.779334400553
Taiwan,TWN,2006,6473.341297997468
Taiwan,TWN,2007,3829.9312648375894
Taiwan,TWN,2008,4373.389054466928
Taiwan,TWN,2009,7306.086303692723
Taiwan,TWN,2010,8370.734106422378
Taiwan,TWN,2011,8243.74666056875
Taiwan,TWN,2012,12868.223758684017
Taiwan,TWN,2013,13042.675089979024
Tajikistan,TJK,2005,124.23564378870556
Tajikistan,TJK,2006,78.7997598427767
Tajikistan,TJK,2007,111.83489989558362
Tajikistan,TJK,2008,132.6428592425205
Tajikistan,TJK,2009,92.51576870417466
Tajikistan,TJK,2010,110.45092562937812
Tajikistan,TJK,2011,103.00424710244215
Tajikistan,TJK,2012,104.33288132203889
Tajikistan,TJK,2013,102.27871508947536
Tanzania,TZA,2005,2786.9082274793036
Tanzania,TZA,2006,4134.528286358749
Tanzania,TZA,2007,3348.2582569183432
Tanzania,TZA,2008,1741.1679997358005
Tanzania,TZA,2009,2828.203446542786
Tanzania,TZA,2010,2936.921910839912
Tanzania,TZA,2011,4640.992124682089
Tanzania,TZA,2012,5283.41983271073
Tanzania,TZA,2013,2938.856807311997
Thailand,THA,2005,18616.02702641894
Thailand,THA,2006,20906.25793885286
Thailand,THA,2007,11183.291009145993
Thailand,THA,2008,12684.217953109895
Thailand,THA,2009,12816.564060847246
Thailand,THA,2010,13658.792194106005
Thailand,THA,2011,12733.234476073543
Thailand,THA,2012,16902.181076329383
Thailand,THA,2013,13620.64703896075
Timor,TLS,2005,34.53831609143208
Timor,TLS,2006,4.866483842710068
Timor,TLS,2007,19.99366866265143
Timor,TLS,2008,50.40438904547045
Timor,TLS,2009,129.54322724712696
Timor,TLS,2010,141.5093054511756
Timor,TLS,2011,229.44787483053398
Timor,TLS,2012,198.66552312198485
Timor,TLS,2013,223.2450256923288
Togo,TGO,2005,195.84435776820646
Togo,TGO,2006,775.3031079711891
Togo,TGO,2007,364.0854031094368
Togo,TGO,2008,462.7560402968229
Togo,TGO,2009,734.2623743649251
Togo,TGO,2010,248.1554309537778
Togo,TGO,2011,355.01812357396966
Togo,TGO,2012,325.51540026150997
Togo,TGO,2013,296.4154247408187
Tonga,TON,2005,2.388688396540012
Tonga,TON,2006,2.860101434667684
Tonga,TON,2007,1.8953546888971409
Tonga,TON,2008,1.2592056230814126
Tonga,TON,2009,1.0437630495633496
Tonga,TON,2010,5.21685262240699
Tonga,TON,2011,3.275308062321403
Tonga,TON,2012,2.8186935981730907
Tonga,TON,2013,0.8715739449727978
Trinidad and Tobago,TTO,2005,836.7891998873428
Trinidad and Tobago,TTO,2006,706.4824193880252
Trinidad and Tobago,TTO,2007,633.1235094083279
Trinidad and Tobago,TTO,2008,492.1079641211817
Trinidad and Tobago,TTO,2009,646.8690893207115
Trinidad and Tobago,TTO,2010,543.6739772059224
Trinidad and Tobago,TTO,2011,521.4823764903849
Trinidad and Tobago,TTO,2012,622.6183556380953
Trinidad and Tobago,TTO,2013,518.9740356729669
Tunisia,TUN,2005,2272.5757399598347
Tunisia,TUN,2006,2503.6303981722162
Tunisia,TUN,2007,3040.538012405562
Tunisia,TUN,2008,3750.85896231835
Tunisia,TUN,2009,3289.6425864267376
Tunisia,TUN,2010,2500.6883681117606
Tunisia,TUN,2011,3941.6725519754423
Tunisia,TUN,2012,6098.840572033982
Tunisia,TUN,2013,4427.0097733499215
Turkey,TUR,2005,11053.642645550772
Turkey,TUR,2006,12537.737406502529
Turkey,TUR,2007,11801.062823108132
Turkey,TUR,2008,12656.351671728473
Turkey,TUR,2009,12379.475142368614
Turkey,TUR,2010,19279.44493242508
Turkey,TUR,2011,21709.21663302348
Turkey,TUR,2012,22498.900463479717
Turkey,TUR,2013,20092.649731088797
Turkmenistan,TKM,2005,123.56486098457067
Turkmenistan,TKM,2006,40.29654035953374
Turkmenistan,TKM,2007,49.49989321827364
Turkmenistan,TKM,2008,105.82312593538923
Turkmenistan,TKM,2009,144.3795525709786
Turkmenistan,TKM,2010,232.78745540146707
Turkmenistan,TKM,2011,123.68341909060663
Turkmenistan,TKM,2012,261.59943699307
Turkmenistan,TKM,2013,186.98935070295698
Uganda,UGA,2005,632.6959031318002
Uganda,UGA,2006,775.8540456902956
Uganda,UGA,2007,940.2930249882666
Uganda,UGA,2008,1409.1739546755016
Uganda,UGA,2009,2425.5132708964084
Uganda,UGA,2010,2979.4231186494653
Uganda,UGA,2011,3378.3427038442023
Uganda,UGA,2012,3216.3444684712595
Uganda,UGA,2013,2420.3034692605142
Ukraine,UKR,2005,6523.943621221465
Ukraine,UKR,2006,5838.888964068221
Ukraine,UKR,2007,7941.3869901852895
Ukraine,UKR,2008,6776.842920858077
Ukraine,UKR,2009,4572.923242175622
Ukraine,UKR,2010,2391.1817400360014
Ukraine,UKR,2011,3724.7814388024185
Ukraine,UKR,2012,3514.213798633061
Ukraine,UKR,2013,3794.281389552726
United Arab Emirates,ARE,2005,3914.8043679189464
United Arab Emirates,ARE,2006,7914.171746430024
United Arab Emirates,ARE,2007,6826.288924110867
United Arab Emirates,ARE,2008,8978.71982052529
United Arab Emirates,ARE,2009,8615.767845374568
United Arab Emirates,ARE,2010,4474.013172917669
United Arab Emirates,ARE,2011,11249.924788684431
United Arab Emirates,ARE,2012,14680.835581828433
United Arab Emirates,ARE,2013,13125.008500675278
United Kingdom,GBR,2005,50738.05667993748
United Kingdom,GBR,2006,48670.7622337891
United Kingdom,GBR,2007,43308.83609412721
United Kingdom,GBR,2008,38821.87091732765
United Kingdom,GBR,2009,41744.39412289103
United Kingdom,GBR,2010,33865.76612762504
United Kingdom,GBR,2011,30962.9092795461
United Kingdom,GBR,2012,32897.243465201645
United Kingdom,GBR,2013,26483.345786165046
United States,USA,2005,63726.35246904788
United States,USA,2006,65722.10780414847
United States,USA,2007,66465.76131288364
United States,USA,2008,66102.18821302033
United States,USA,2009,65954.19083403317
United States,USA,2010,63677.09744516806
United States,USA,2011,65309.106955418436
United States,USA,2012,60038.02658708079
United States,USA,2013,68427.87244270777
Uruguay,URY,2005,11066.03832310778
Uruguay,URY,2006,9521.306454682823
Uruguay,URY,2007,3158.451901339319
Uruguay,URY,2008,9646.886846264068
Uruguay,URY,2009,1396.8607213792075
Uruguay,URY,2010,732.1823746452155
Uruguay,URY,2011,1764.8074636106358
Uruguay,URY,2012,768.0595629052041
Uruguay,URY,2013,1449.7530183930412
Uzbekistan,UZB,2005,236.14471867244276
Uzbekistan,UZB,2006,137.36903511035402
Uzbekistan,UZB,2007,139.2248715682936
Uzbekistan,UZB,2008,163.41135834747658
Uzbekistan,UZB,2009,161.72922877690158
Uzbekistan,UZB,2010,305.68126176955747
Uzbekistan,UZB,2011,229.4760487035544
Uzbekistan,UZB,2012,258.0908695078758
Uzbekistan,UZB,2013,315.64348792686764
Vanuatu,VUT,2005,3.71780305112702
Vanuatu,VUT,2006,3.9980955095613444
Vanuatu,VUT,2007,1.9133282836773413
Vanuatu,VUT,2008,1.529316988027333
Vanuatu,VUT,2009,2.55409718867519
Vanuatu,VUT,2010,1.8505115443122888
Vanuatu,VUT,2011,2.9530471120926096
Vanuatu,VUT,2012,1.8955477356459687
Vanuatu,VUT,2013,1.7636518050641465
Venezuela,VEN,2005,12772.90868694683
Venezuela,VEN,2006,21578.06194772195
Venezuela,VEN,2007,36316.3330041509
Venezuela,VEN,2008,53741.493834342604
Venezuela,VEN,2009,40613.687738967536
Venezuela,VEN,2010,21291.53927841327
Venezuela,VEN,2011,25509.398198246432
Venezuela,VEN,2012,29922.815322047638
Venezuela,VEN,2013,28043.954788471696
Vietnam,VNM,2005,6887.638209553952
Vietnam,VNM,2006,11215.826870844197
Vietnam,VNM,2007,15762.451256211105
Vietnam,VNM,2008,18610.13426776517
Vietnam,VNM,2009,27429.982278452153
Vietnam,VNM,2010,22981.069772385483
Vietnam,VNM,2011,22083.981109555527
Vietnam,VNM,2012,21797.122336159824
Vietnam,VNM,2013,22059.823374014413
Yemen,YEM,2005,2341.8208841208234
Yemen,YEM,2006,2131.7235444430403
Yemen,YEM,2007,2778.652373449917
Yemen,YEM,2008,1831.5327291182825
Yemen,YEM,2009,2512.6756615750783
Yemen,YEM,2010,2782.7411323031383
Yemen,YEM,2011,4432.1454520249035
Yemen,YEM,2012,4519.655618149976
Yemen,YEM,2013,3257.7578200362213
Zambia,ZMB,2005,425.42371536748396
Zambia,ZMB,2006,423.18689412704407
Zambia,ZMB,2007,330.1031668474243
Zambia,ZMB,2008,545.6569529768603
Zambia,ZMB,2009,731.1843788352562
Zambia,ZMB,2010,729.4180239311827
Zambia,ZMB,2011,884.8811306288553
Zambia,ZMB,2012,1096.5815493034388
Zambia,ZMB,2013,545.9722033232101
Zimbabwe,ZWE,2005,1889.1997159580496
Zimbabwe,ZWE,2006,6065.844560585325
Zimbabwe,ZWE,2007,1828.8644569762673
Zimbabwe,ZWE,2008,1977.595022694728
Zimbabwe,ZWE,2009,1032.480492115532
Zimbabwe,ZWE,2010,3959.3779555458623
Zimbabwe,ZWE,2011,6033.991778045498
Zimbabwe,ZWE,2012,7555.484737057175
Zimbabwe,ZWE,2013,3565.574378661082